No,지역,지역,지역,규모,2020년 6월,2020년 6월
No,지역,지역,지역,규모,동(호)수,면적
No,지역,지역,지역,규모,동(호)수,천㎡
1,전국,전국,전국,합계,"""158,348""","""12,120"""
2,전국,전국,전국,20㎡이하,"""1,147""",13
3,전국,전국,전국,21~40㎡,"""8,136""",284
4,전국,전국,전국,41~60㎡,"""50,127""","""2,786"""
5,전국,전국,전국,61~85㎡,"""78,927""","""6,460"""
6,전국,전국,전국,86~100㎡,"""2,855""",276
7,전국,전국,전국,101~135㎡,"""13,974""","""1,621"""
8,전국,전국,전국,136~165㎡,"""2,357""",352
9,전국,전국,전국,166~198㎡,624,111
10,전국,전국,전국,198㎡초과,201,217
11,서울,서울,서울,합계,"""15,761""","""1,134"""
12,서울,서울,서울,20㎡이하,408,6
13,서울,서울,서울,21~40㎡,"""1,607""",54
14,서울,서울,서울,41~60㎡,"""5,655""",308
15,서울,서울,서울,61~85㎡,"""5,632""",461
16,서울,서울,서울,86~100㎡,247,23
17,서울,서울,서울,101~135㎡,"""1,673""",194
18,서울,서울,서울,136~165㎡,354,53
19,서울,서울,서울,166~198㎡,110,19
20,서울,서울,서울,198㎡초과,75,16
21,서울,종로구,종로구,합계,106,8
22,서울,종로구,종로구,20㎡이하,6,0
23,서울,종로구,종로구,21~40㎡,3,0
24,서울,종로구,종로구,41~60㎡,31,2
25,서울,종로구,종로구,61~85㎡,34,3
26,서울,종로구,종로구,86~100㎡,6,1
27,서울,종로구,종로구,101~135㎡,20,2
28,서울,종로구,종로구,136~165㎡,3,0
29,서울,종로구,종로구,166~198㎡,3,1
30,서울,종로구,종로구,198㎡초과,0,0
31,서울,중구,중구,합계,151,11
32,서울,중구,중구,20㎡이하,4,0
33,서울,중구,중구,21~40㎡,16,0
34,서울,중구,중구,41~60㎡,50,3
35,서울,중구,중구,61~85㎡,48,4
36,서울,중구,중구,86~100㎡,1,0
37,서울,중구,중구,101~135㎡,25,3
38,서울,중구,중구,136~165㎡,5,1
39,서울,중구,중구,166~198㎡,0,0
40,서울,중구,중구,198㎡초과,2,0
41,서울,용산구,용산구,합계,267,28
42,서울,용산구,용산구,20㎡이하,2,0
43,서울,용산구,용산구,21~40㎡,6,0
44,서울,용산구,용산구,41~60㎡,70,4
45,서울,용산구,용산구,61~85㎡,67,5
46,서울,용산구,용산구,86~100㎡,8,1
47,서울,용산구,용산구,101~135㎡,42,5
48,서울,용산구,용산구,136~165㎡,36,5
49,서울,용산구,용산구,166~198㎡,15,3
50,서울,용산구,용산구,198㎡초과,21,5
51,서울,성동구,성동구,합계,393,31
52,서울,성동구,성동구,20㎡이하,4,0
53,서울,성동구,성동구,21~40㎡,8,0
54,서울,성동구,성동구,41~60㎡,153,9
55,서울,성동구,성동구,61~85㎡,149,12
56,서울,성동구,성동구,86~100㎡,6,1
57,서울,성동구,성동구,101~135㎡,62,7
58,서울,성동구,성동구,136~165㎡,7,1
59,서울,성동구,성동구,166~198㎡,1,0
60,서울,성동구,성동구,198㎡초과,3,1
61,서울,광진구,광진구,합계,180,15
62,서울,광진구,광진구,20㎡이하,2,0
63,서울,광진구,광진구,21~40㎡,1,0
64,서울,광진구,광진구,41~60㎡,74,4
65,서울,광진구,광진구,61~85㎡,65,5
66,서울,광진구,광진구,86~100㎡,2,0
67,서울,광진구,광진구,101~135㎡,13,2
68,서울,광진구,광진구,136~165㎡,15,2
69,서울,광진구,광진구,166~198㎡,5,1
70,서울,광진구,광진구,198㎡초과,3,1
71,서울,동대문구,동대문구,합계,427,32
72,서울,동대문구,동대문구,20㎡이하,19,0
73,서울,동대문구,동대문구,21~40㎡,22,1
74,서울,동대문구,동대문구,41~60㎡,126,7
75,서울,동대문구,동대문구,61~85㎡,189,16
76,서울,동대문구,동대문구,86~100㎡,13,1
77,서울,동대문구,동대문구,101~135㎡,54,6
78,서울,동대문구,동대문구,136~165㎡,4,1
79,서울,동대문구,동대문구,166~198㎡,0,0
80,서울,동대문구,동대문구,198㎡초과,0,0
81,서울,중랑구,중랑구,합계,433,28
82,서울,중랑구,중랑구,20㎡이하,12,0
83,서울,중랑구,중랑구,21~40㎡,47,2
84,서울,중랑구,중랑구,41~60㎡,185,10
85,서울,중랑구,중랑구,61~85㎡,154,13
86,서울,중랑구,중랑구,86~100㎡,0,0
87,서울,중랑구,중랑구,101~135㎡,34,4
88,서울,중랑구,중랑구,136~165㎡,1,0
89,서울,중랑구,중랑구,166~198㎡,0,0
90,서울,중랑구,중랑구,198㎡초과,0,0
91,서울,성북구,성북구,합계,599,46
92,서울,성북구,성북구,20㎡이하,2,0
93,서울,성북구,성북구,21~40㎡,9,0
94,서울,성북구,성북구,41~60㎡,266,16
95,서울,성북구,성북구,61~85㎡,234,19
96,서울,성북구,성북구,86~100㎡,0,0
97,서울,성북구,성북구,101~135㎡,81,9
98,서울,성북구,성북구,136~165㎡,7,1
99,서울,성북구,성북구,166~198㎡,0,0
100,서울,성북구,성북구,198㎡초과,0,0
101,서울,강북구,강북구,합계,288,22
102,서울,강북구,강북구,20㎡이하,1,0
103,서울,강북구,강북구,21~40㎡,0,0
104,서울,강북구,강북구,41~60㎡,119,7
105,서울,강북구,강북구,61~85㎡,131,11
106,서울,강북구,강북구,86~100㎡,0,0
107,서울,강북구,강북구,101~135㎡,36,4
108,서울,강북구,강북구,136~165㎡,1,0
109,서울,강북구,강북구,166~198㎡,0,0
110,서울,강북구,강북구,198㎡초과,0,0
111,서울,도봉구,도봉구,합계,729,48
112,서울,도봉구,도봉구,20㎡이하,18,0
113,서울,도봉구,도봉구,21~40㎡,52,2
114,서울,도봉구,도봉구,41~60㎡,275,14
115,서울,도봉구,도봉구,61~85㎡,345,27
116,서울,도봉구,도봉구,86~100㎡,3,0
117,서울,도봉구,도봉구,101~135㎡,30,4
118,서울,도봉구,도봉구,136~165㎡,4,1
119,서울,도봉구,도봉구,166~198㎡,2,0
120,서울,도봉구,도봉구,198㎡초과,0,0
121,서울,노원구,노원구,합계,"""1,456""",90
122,서울,노원구,노원구,20㎡이하,19,0
123,서울,노원구,노원구,21~40㎡,163,6
124,서울,노원구,노원구,41~60㎡,786,41
125,서울,노원구,노원구,61~85㎡,384,31
126,서울,노원구,노원구,86~100㎡,19,2
127,서울,노원구,노원구,101~135㎡,76,9
128,서울,노원구,노원구,136~165㎡,9,1
129,서울,노원구,노원구,166~198㎡,0,0
130,서울,노원구,노원구,198㎡초과,0,0
131,서울,은평구,은평구,합계,519,39
132,서울,은평구,은평구,20㎡이하,11,0
133,서울,은평구,은평구,21~40㎡,27,1
134,서울,은평구,은평구,41~60㎡,177,10
135,서울,은평구,은평구,61~85㎡,209,17
136,서울,은평구,은평구,86~100㎡,4,0
137,서울,은평구,은평구,101~135㎡,86,10
138,서울,은평구,은평구,136~165㎡,3,0
139,서울,은평구,은평구,166~198㎡,2,0
140,서울,은평구,은평구,198㎡초과,0,0
141,서울,서대문구,서대문구,합계,563,38
142,서울,서대문구,서대문구,20㎡이하,2,0
143,서울,서대문구,서대문구,21~40㎡,131,4
144,서울,서대문구,서대문구,41~60㎡,162,9
145,서울,서대문구,서대문구,61~85㎡,210,17
146,서울,서대문구,서대문구,86~100㎡,4,0
147,서울,서대문구,서대문구,101~135㎡,43,5
148,서울,서대문구,서대문구,136~165㎡,4,1
149,서울,서대문구,서대문구,166~198㎡,3,1
150,서울,서대문구,서대문구,198㎡초과,4,1
151,서울,마포구,마포구,합계,692,43
152,서울,마포구,마포구,20㎡이하,12,0
153,서울,마포구,마포구,21~40㎡,151,6
154,서울,마포구,마포구,41~60㎡,304,16
155,서울,마포구,마포구,61~85㎡,159,13
156,서울,마포구,마포구,86~100㎡,8,1
157,서울,마포구,마포구,101~135㎡,47,5
158,서울,마포구,마포구,136~165㎡,9,1
159,서울,마포구,마포구,166~198㎡,2,0
160,서울,마포구,마포구,198㎡초과,0,0
161,서울,양천구,양천구,합계,866,65
162,서울,양천구,양천구,20㎡이하,0,0
163,서울,양천구,양천구,21~40㎡,27,1
164,서울,양천구,양천구,41~60㎡,321,17
165,서울,양천구,양천구,61~85㎡,409,33
166,서울,양천구,양천구,86~100㎡,25,2
167,서울,양천구,양천구,101~135㎡,54,6
168,서울,양천구,양천구,136~165㎡,22,3
169,서울,양천구,양천구,166~198㎡,5,1
170,서울,양천구,양천구,198㎡초과,3,1
171,서울,강서구,강서구,합계,"""1,000""",61
172,서울,강서구,강서구,20㎡이하,37,0
173,서울,강서구,강서구,21~40㎡,198,7
174,서울,강서구,강서구,41~60㎡,411,21
175,서울,강서구,강서구,61~85㎡,263,22
176,서울,강서구,강서구,86~100㎡,7,1
177,서울,강서구,강서구,101~135㎡,72,8
178,서울,강서구,강서구,136~165㎡,8,1
179,서울,강서구,강서구,166~198㎡,4,1
180,서울,강서구,강서구,198㎡초과,0,0
181,서울,구로구,구로구,합계,765,53
182,서울,구로구,구로구,20㎡이하,32,1
183,서울,구로구,구로구,21~40㎡,53,2
184,서울,구로구,구로구,41~60㎡,287,16
185,서울,구로구,구로구,61~85㎡,317,26
186,서울,구로구,구로구,86~100㎡,5,0
187,서울,구로구,구로구,101~135㎡,62,7
188,서울,구로구,구로구,136~165㎡,3,0
189,서울,구로구,구로구,166~198㎡,6,1
190,서울,구로구,구로구,198㎡초과,0,0
191,서울,금천구,금천구,합계,236,17
192,서울,금천구,금천구,20㎡이하,6,0
193,서울,금천구,금천구,21~40㎡,17,1
194,서울,금천구,금천구,41~60㎡,87,5
195,서울,금천구,금천구,61~85㎡,83,7
196,서울,금천구,금천구,86~100㎡,7,1
197,서울,금천구,금천구,101~135㎡,33,4
198,서울,금천구,금천구,136~165㎡,1,0
199,서울,금천구,금천구,166~198㎡,0,0
200,서울,금천구,금천구,198㎡초과,2,0
201,서울,영등포구,영등포구,합계,741,43
202,서울,영등포구,영등포구,20㎡이하,111,2
203,서울,영등포구,영등포구,21~40㎡,160,5
204,서울,영등포구,영등포구,41~60㎡,212,11
205,서울,영등포구,영등포구,61~85㎡,173,14
206,서울,영등포구,영등포구,86~100㎡,20,2
207,서울,영등포구,영등포구,101~135㎡,40,5
208,서울,영등포구,영등포구,136~165㎡,21,3
209,서울,영등포구,영등포구,166~198㎡,2,0
210,서울,영등포구,영등포구,198㎡초과,2,0
211,서울,동작구,동작구,합계,452,35
212,서울,동작구,동작구,20㎡이하,8,0
213,서울,동작구,동작구,21~40㎡,10,0
214,서울,동작구,동작구,41~60㎡,147,8
215,서울,동작구,동작구,61~85㎡,217,18
216,서울,동작구,동작구,86~100㎡,0,0
217,서울,동작구,동작구,101~135㎡,66,8
218,서울,동작구,동작구,136~165㎡,4,1
219,서울,동작구,동작구,166~198㎡,0,0
220,서울,동작구,동작구,198㎡초과,0,0
221,서울,관악구,관악구,합계,443,34
222,서울,관악구,관악구,20㎡이하,18,0
223,서울,관악구,관악구,21~40㎡,15,0
224,서울,관악구,관악구,41~60㎡,147,9
225,서울,관악구,관악구,61~85㎡,177,14
226,서울,관악구,관악구,86~100㎡,9,1
227,서울,관악구,관악구,101~135㎡,69,8
228,서울,관악구,관악구,136~165㎡,6,1
229,서울,관악구,관악구,166~198㎡,2,0
230,서울,관악구,관악구,198㎡초과,0,0
231,서울,서초구,서초구,합계,725,56
232,서울,서초구,서초구,20㎡이하,19,0
233,서울,서초구,서초구,21~40㎡,106,3
234,서울,서초구,서초구,41~60㎡,257,14
235,서울,서초구,서초구,61~85㎡,157,13
236,서울,서초구,서초구,86~100㎡,19,2
237,서울,서초구,서초구,101~135㎡,83,10
238,서울,서초구,서초구,136~165㎡,54,8
239,서울,서초구,서초구,166~198㎡,12,2
240,서울,서초구,서초구,198㎡초과,18,4
241,서울,강남구,강남구,합계,"""1,968""",160
242,서울,강남구,강남구,20㎡이하,30,0
243,서울,강남구,강남구,21~40㎡,146,5
244,서울,강남구,강남구,41~60㎡,505,30
245,서울,강남구,강남구,61~85㎡,802,66
246,서울,강남구,강남구,86~100㎡,56,5
247,서울,강남구,강남구,101~135㎡,330,37
248,서울,강남구,강남구,136~165㎡,61,9
249,서울,강남구,강남구,166~198㎡,27,5
250,서울,강남구,강남구,198㎡초과,11,2
251,서울,송파구,송파구,합계,987,75
252,서울,송파구,송파구,20㎡이하,2,0
253,서울,송파구,송파구,21~40㎡,189,7
254,서울,송파구,송파구,41~60㎡,278,15
255,서울,송파구,송파구,61~85㎡,290,24
256,서울,송파구,송파구,86~100㎡,14,1
257,서울,송파구,송파구,101~135㎡,129,15
258,서울,송파구,송파구,136~165㎡,62,9
259,서울,송파구,송파구,166~198㎡,18,3
260,서울,송파구,송파구,198㎡초과,5,1
261,서울,강동구,강동구,합계,775,57
262,서울,강동구,강동구,20㎡이하,31,0
263,서울,강동구,강동구,21~40㎡,50,2
264,서울,강동구,강동구,41~60㎡,225,13
265,서울,강동구,강동구,61~85㎡,366,30
266,서울,강동구,강동구,86~100㎡,11,1
267,서울,강동구,강동구,101~135㎡,86,10
268,서울,강동구,강동구,136~165㎡,4,1
269,서울,강동구,강동구,166~198㎡,1,0
270,서울,강동구,강동구,198㎡초과,1,0
271,부산,부산,부산,합계,"""13,588""","""1,036"""
272,부산,부산,부산,20㎡이하,38,0
273,부산,부산,부산,21~40㎡,580,20
274,부산,부산,부산,41~60㎡,"""4,020""",216
275,부산,부산,부산,61~85㎡,"""7,275""",591
276,부산,부산,부산,86~100㎡,226,22
277,부산,부산,부산,101~135㎡,"""1,041""",120
278,부산,부산,부산,136~165㎡,265,40
279,부산,부산,부산,166~198㎡,118,21
280,부산,부산,부산,198㎡초과,25,6
281,부산,중구,중구,합계,39,2
282,부산,중구,중구,20㎡이하,0,0
283,부산,중구,중구,21~40㎡,7,0
284,부산,중구,중구,41~60㎡,14,1
285,부산,중구,중구,61~85㎡,18,1
286,부산,중구,중구,86~100㎡,0,0
287,부산,중구,중구,101~135㎡,0,0
288,부산,중구,중구,136~165㎡,0,0
289,부산,중구,중구,166~198㎡,0,0
290,부산,중구,중구,198㎡초과,0,0
291,부산,서구,서구,합계,437,37
292,부산,서구,서구,20㎡이하,0,0
293,부산,서구,서구,21~40㎡,9,0
294,부산,서구,서구,41~60㎡,31,2
295,부산,서구,서구,61~85㎡,334,27
296,부산,서구,서구,86~100㎡,20,2
297,부산,서구,서구,101~135㎡,32,4
298,부산,서구,서구,136~165㎡,9,1
299,부산,서구,서구,166~198㎡,1,0
300,부산,서구,서구,198㎡초과,1,0
301,부산,동구,동구,합계,234,16
302,부산,동구,동구,20㎡이하,1,0
303,부산,동구,동구,21~40㎡,41,1
304,부산,동구,동구,41~60㎡,48,3
305,부산,동구,동구,61~85㎡,141,11
306,부산,동구,동구,86~100㎡,1,0
307,부산,동구,동구,101~135㎡,2,0
308,부산,동구,동구,136~165㎡,0,0
309,부산,동구,동구,166~198㎡,0,0
310,부산,동구,동구,198㎡초과,0,0
311,부산,영도구,영도구,합계,172,12
312,부산,영도구,영도구,20㎡이하,0,0
313,부산,영도구,영도구,21~40㎡,12,0
314,부산,영도구,영도구,41~60㎡,55,3
315,부산,영도구,영도구,61~85㎡,92,7
316,부산,영도구,영도구,86~100㎡,8,1
317,부산,영도구,영도구,101~135㎡,2,0
318,부산,영도구,영도구,136~165㎡,3,0
319,부산,영도구,영도구,166~198㎡,0,0
320,부산,영도구,영도구,198㎡초과,0,0
321,부산,부산진구,부산진구,합계,"""3,077""",217
322,부산,부산진구,부산진구,20㎡이하,9,0
323,부산,부산진구,부산진구,21~40㎡,249,9
324,부산,부산진구,부산진구,41~60㎡,"""1,050""",56
325,부산,부산진구,부산진구,61~85㎡,"""1,524""",125
326,부산,부산진구,부산진구,86~100㎡,8,1
327,부산,부산진구,부산진구,101~135㎡,221,23
328,부산,부산진구,부산진구,136~165㎡,11,2
329,부산,부산진구,부산진구,166~198㎡,4,1
330,부산,부산진구,부산진구,198㎡초과,1,0
331,부산,동래구,동래구,합계,871,67
332,부산,동래구,동래구,20㎡이하,1,0
333,부산,동래구,동래구,21~40㎡,16,1
334,부산,동래구,동래구,41~60㎡,253,14
335,부산,동래구,동래구,61~85㎡,497,40
336,부산,동래구,동래구,86~100㎡,4,0
337,부산,동래구,동래구,101~135㎡,81,10
338,부산,동래구,동래구,136~165㎡,13,2
339,부산,동래구,동래구,166~198㎡,5,1
340,부산,동래구,동래구,198㎡초과,1,0
341,부산,남구,남구,합계,898,74
342,부산,남구,남구,20㎡이하,7,0
343,부산,남구,남구,21~40㎡,29,1
344,부산,남구,남구,41~60㎡,191,11
345,부산,남구,남구,61~85㎡,510,42
346,부산,남구,남구,86~100㎡,16,2
347,부산,남구,남구,101~135㎡,103,12
348,부산,남구,남구,136~165㎡,23,3
349,부산,남구,남구,166~198㎡,14,2
350,부산,남구,남구,198㎡초과,5,1
351,부산,북구,북구,합계,820,60
352,부산,북구,북구,20㎡이하,3,0
353,부산,북구,북구,21~40㎡,20,1
354,부산,북구,북구,41~60㎡,325,17
355,부산,북구,북구,61~85㎡,368,30
356,부산,북구,북구,86~100㎡,14,1
357,부산,북구,북구,101~135㎡,78,9
358,부산,북구,북구,136~165㎡,9,1
359,부산,북구,북구,166~198㎡,3,1
360,부산,북구,북구,198㎡초과,0,0
361,부산,해운대구,해운대구,합계,"""1,708""",143
362,부산,해운대구,해운대구,20㎡이하,5,0
363,부산,해운대구,해운대구,21~40㎡,74,3
364,부산,해운대구,해운대구,41~60㎡,621,32
365,부산,해운대구,해운대구,61~85㎡,593,49
366,부산,해운대구,해운대구,86~100㎡,7,1
367,부산,해운대구,해운대구,101~135㎡,196,23
368,부산,해운대구,해운대구,136~165㎡,132,20
369,부산,해운대구,해운대구,166~198㎡,70,13
370,부산,해운대구,해운대구,198㎡초과,10,2
371,부산,사하구,사하구,합계,761,57
372,부산,사하구,사하구,20㎡이하,4,0
373,부산,사하구,사하구,21~40㎡,12,0
374,부산,사하구,사하구,41~60㎡,232,12
375,부산,사하구,사하구,61~85㎡,449,37
376,부산,사하구,사하구,86~100㎡,2,0
377,부산,사하구,사하구,101~135㎡,47,5
378,부산,사하구,사하구,136~165㎡,11,2
379,부산,사하구,사하구,166~198㎡,4,1
380,부산,사하구,사하구,198㎡초과,0,0
381,부산,금정구,금정구,합계,398,33
382,부산,금정구,금정구,20㎡이하,0,0
383,부산,금정구,금정구,21~40㎡,6,0
384,부산,금정구,금정구,41~60㎡,106,6
385,부산,금정구,금정구,61~85㎡,214,17
386,부산,금정구,금정구,86~100㎡,2,0
387,부산,금정구,금정구,101~135㎡,54,6
388,부산,금정구,금정구,136~165㎡,11,2
389,부산,금정구,금정구,166~198㎡,4,1
390,부산,금정구,금정구,198㎡초과,1,0
391,부산,강서구,강서구,합계,489,41
392,부산,강서구,강서구,20㎡이하,0,0
393,부산,강서구,강서구,21~40㎡,1,0
394,부산,강서구,강서구,41~60㎡,43,3
395,부산,강서구,강서구,61~85㎡,388,32
396,부산,강서구,강서구,86~100㎡,20,2
397,부산,강서구,강서구,101~135㎡,24,3
398,부산,강서구,강서구,136~165㎡,8,1
399,부산,강서구,강서구,166~198㎡,2,0
400,부산,강서구,강서구,198㎡초과,3,1
401,부산,연제구,연제구,합계,569,45
402,부산,연제구,연제구,20㎡이하,3,0
403,부산,연제구,연제구,21~40㎡,17,1
404,부산,연제구,연제구,41~60㎡,121,7
405,부산,연제구,연제구,61~85㎡,362,29
406,부산,연제구,연제구,86~100㎡,2,0
407,부산,연제구,연제구,101~135㎡,48,6
408,부산,연제구,연제구,136~165㎡,12,2
409,부산,연제구,연제구,166~198㎡,4,1
410,부산,연제구,연제구,198㎡초과,0,0
411,부산,수영구,수영구,합계,702,51
412,부산,수영구,수영구,20㎡이하,1,0
413,부산,수영구,수영구,21~40㎡,56,2
414,부산,수영구,수영구,41~60㎡,235,11
415,부산,수영구,수영구,61~85㎡,303,25
416,부산,수영구,수영구,86~100㎡,8,1
417,부산,수영구,수영구,101~135㎡,72,9
418,부산,수영구,수영구,136~165㎡,18,3
419,부산,수영구,수영구,166~198㎡,6,1
420,부산,수영구,수영구,198㎡초과,3,1
421,부산,사상구,사상구,합계,"""1,916""",144
422,부산,사상구,사상구,20㎡이하,3,0
423,부산,사상구,사상구,21~40㎡,17,1
424,부산,사상구,사상구,41~60㎡,523,30
425,부산,사상구,사상구,61~85㎡,"""1,302""",106
426,부산,사상구,사상구,86~100㎡,58,6
427,부산,사상구,사상구,101~135㎡,12,1
428,부산,사상구,사상구,136~165㎡,1,0
429,부산,사상구,사상구,166~198㎡,0,0
430,부산,사상구,사상구,198㎡초과,0,0
431,부산,기장군,기장군,합계,497,38
432,부산,기장군,기장군,20㎡이하,1,0
433,부산,기장군,기장군,21~40㎡,14,0
434,부산,기장군,기장군,41~60㎡,172,10
435,부산,기장군,기장군,61~85㎡,180,14
436,부산,기장군,기장군,86~100㎡,56,5
437,부산,기장군,기장군,101~135㎡,69,7
438,부산,기장군,기장군,136~165㎡,4,1
439,부산,기장군,기장군,166~198㎡,1,0
440,부산,기장군,기장군,198㎡초과,0,0
441,대구,대구,대구,합계,"""8,561""",668
442,대구,대구,대구,20㎡이하,17,0
443,대구,대구,대구,21~40㎡,248,8
444,대구,대구,대구,41~60㎡,"""2,709""",152
445,대구,대구,대구,61~85㎡,"""4,127""",342
446,대구,대구,대구,86~100㎡,402,40
447,대구,대구,대구,101~135㎡,974,112
448,대구,대구,대구,136~165㎡,55,8
449,대구,대구,대구,166~198㎡,19,3
450,대구,대구,대구,198㎡초과,10,2
451,대구,중구,중구,합계,"""1,849""",162
452,대구,중구,중구,20㎡이하,4,0
453,대구,중구,중구,21~40㎡,23,1
454,대구,중구,중구,41~60㎡,162,8
455,대구,중구,중구,61~85㎡,"""1,140""",96
456,대구,중구,중구,86~100㎡,94,9
457,대구,중구,중구,101~135㎡,413,45
458,대구,중구,중구,136~165㎡,8,1
459,대구,중구,중구,166~198㎡,3,1
460,대구,중구,중구,198㎡초과,2,0
461,대구,동구,동구,합계,675,52
462,대구,동구,동구,20㎡이하,1,0
463,대구,동구,동구,21~40㎡,17,1
464,대구,동구,동구,41~60㎡,187,11
465,대구,동구,동구,61~85㎡,412,34
466,대구,동구,동구,86~100㎡,6,1
467,대구,동구,동구,101~135㎡,47,5
468,대구,동구,동구,136~165㎡,4,1
469,대구,동구,동구,166~198㎡,1,0
470,대구,동구,동구,198㎡초과,0,0
471,대구,서구,서구,합계,416,26
472,대구,서구,서구,20㎡이하,3,0
473,대구,서구,서구,21~40㎡,76,2
474,대구,서구,서구,41~60㎡,173,9
475,대구,서구,서구,61~85㎡,125,10
476,대구,서구,서구,86~100㎡,1,0
477,대구,서구,서구,101~135㎡,33,4
478,대구,서구,서구,136~165㎡,3,0
479,대구,서구,서구,166~198㎡,2,0
480,대구,서구,서구,198㎡초과,0,0
481,대구,남구,남구,합계,272,23
482,대구,남구,남구,20㎡이하,2,0
483,대구,남구,남구,21~40㎡,4,0
484,대구,남구,남구,41~60㎡,51,3
485,대구,남구,남구,61~85㎡,168,14
486,대구,남구,남구,86~100㎡,3,0
487,대구,남구,남구,101~135㎡,35,4
488,대구,남구,남구,136~165㎡,4,1
489,대구,남구,남구,166~198㎡,4,1
490,대구,남구,남구,198㎡초과,1,0
491,대구,북구,북구,합계,"""1,920""",130
492,대구,북구,북구,20㎡이하,2,0
493,대구,북구,북구,21~40㎡,47,2
494,대구,북구,북구,41~60㎡,"""1,222""",71
495,대구,북구,북구,61~85㎡,511,42
496,대구,북구,북구,86~100㎡,41,4
497,대구,북구,북구,101~135㎡,91,10
498,대구,북구,북구,136~165㎡,4,1
499,대구,북구,북구,166~198㎡,1,0
500,대구,북구,북구,198㎡초과,1,0
501,대구,수성구,수성구,합계,"""1,059""",87
502,대구,수성구,수성구,20㎡이하,4,0
503,대구,수성구,수성구,21~40㎡,20,1
504,대구,수성구,수성구,41~60㎡,264,14
505,대구,수성구,수성구,61~85㎡,607,51
506,대구,수성구,수성구,86~100㎡,10,1
507,대구,수성구,수성구,101~135㎡,129,16
508,대구,수성구,수성구,136~165㎡,15,2
509,대구,수성구,수성구,166~198㎡,6,1
510,대구,수성구,수성구,198㎡초과,4,1
511,대구,달서구,달서구,합계,"""1,737""",143
512,대구,달서구,달서구,20㎡이하,1,0
513,대구,달서구,달서구,21~40㎡,35,1
514,대구,달서구,달서구,41~60㎡,479,27
515,대구,달서구,달서구,61~85㎡,768,64
516,대구,달서구,달서구,86~100㎡,235,23
517,대구,달서구,달서구,101~135㎡,199,24
518,대구,달서구,달서구,136~165㎡,16,2
519,대구,달서구,달서구,166~198㎡,2,0
520,대구,달서구,달서구,198㎡초과,2,0
521,대구,달성군,달성군,합계,633,47
522,대구,달성군,달성군,20㎡이하,0,0
523,대구,달성군,달성군,21~40㎡,26,1
524,대구,달성군,달성군,41~60㎡,171,10
525,대구,달성군,달성군,61~85㎡,396,32
526,대구,달성군,달성군,86~100㎡,12,1
527,대구,달성군,달성군,101~135㎡,27,3
528,대구,달성군,달성군,136~165㎡,1,0
529,대구,달성군,달성군,166~198㎡,0,0
530,대구,달성군,달성군,198㎡초과,0,0
531,대구,군위군,군위군,합계,,
532,대구,군위군,군위군,20㎡이하,,
533,대구,군위군,군위군,21~40㎡,,
534,대구,군위군,군위군,41~60㎡,,
535,대구,군위군,군위군,61~85㎡,,
536,대구,군위군,군위군,86~100㎡,,
537,대구,군위군,군위군,101~135㎡,,
538,대구,군위군,군위군,136~165㎡,,
539,대구,군위군,군위군,166~198㎡,,
540,대구,군위군,군위군,198㎡초과,,
541,인천,인천,인천,합계,"""12,911""",985
542,인천,인천,인천,20㎡이하,91,1
543,인천,인천,인천,21~40㎡,639,23
544,인천,인천,인천,41~60㎡,"""4,246""",231
545,인천,인천,인천,61~85㎡,"""5,510""",448
546,인천,인천,인천,86~100㎡,274,26
547,인천,인천,인천,101~135㎡,"""1,900""",218
548,인천,인천,인천,136~165㎡,201,30
549,인천,인천,인천,166~198㎡,43,7
550,인천,인천,인천,198㎡초과,7,1
551,인천,중구,중구,합계,"""1,119""",88
552,인천,중구,중구,20㎡이하,0,0
553,인천,중구,중구,21~40㎡,18,1
554,인천,중구,중구,41~60㎡,215,12
555,인천,중구,중구,61~85㎡,764,62
556,인천,중구,중구,86~100㎡,35,3
557,인천,중구,중구,101~135㎡,79,9
558,인천,중구,중구,136~165㎡,4,1
559,인천,중구,중구,166~198㎡,4,1
560,인천,중구,중구,198㎡초과,0,0
561,인천,동구,동구,합계,194,12
562,인천,동구,동구,20㎡이하,2,0
563,인천,동구,동구,21~40㎡,10,0
564,인천,동구,동구,41~60㎡,112,6
565,인천,동구,동구,61~85㎡,60,5
566,인천,동구,동구,86~100㎡,4,0
567,인천,동구,동구,101~135㎡,6,1
568,인천,동구,동구,136~165㎡,0,0
569,인천,동구,동구,166~198㎡,0,0
570,인천,동구,동구,198㎡초과,0,0
571,인천,남구,남구,합계,,
572,인천,남구,남구,20㎡이하,,
573,인천,남구,남구,21~40㎡,,
574,인천,남구,남구,41~60㎡,,
575,인천,남구,남구,61~85㎡,,
576,인천,남구,남구,86~100㎡,,
577,인천,남구,남구,101~135㎡,,
578,인천,남구,남구,136~165㎡,,
579,인천,남구,남구,166~198㎡,,
580,인천,남구,남구,198㎡초과,,
581,인천,미추홀구,미추홀구,합계,"""1,634""",110
582,인천,미추홀구,미추홀구,20㎡이하,40,0
583,인천,미추홀구,미추홀구,21~40㎡,99,3
584,인천,미추홀구,미추홀구,41~60㎡,766,43
585,인천,미추홀구,미추홀구,61~85㎡,595,47
586,인천,미추홀구,미추홀구,86~100㎡,35,3
587,인천,미추홀구,미추홀구,101~135㎡,78,10
588,인천,미추홀구,미추홀구,136~165㎡,16,2
589,인천,미추홀구,미추홀구,166~198㎡,4,1
590,인천,미추홀구,미추홀구,198㎡초과,1,0
591,인천,연수구,연수구,합계,"""3,810""",340
592,인천,연수구,연수구,20㎡이하,4,0
593,인천,연수구,연수구,21~40㎡,68,2
594,인천,연수구,연수구,41~60㎡,606,32
595,인천,연수구,연수구,61~85㎡,"""1,681""",139
596,인천,연수구,연수구,86~100㎡,133,13
597,인천,연수구,연수구,101~135㎡,"""1,223""",139
598,인천,연수구,연수구,136~165㎡,69,10
599,인천,연수구,연수구,166~198㎡,24,4
600,인천,연수구,연수구,198㎡초과,2,0
601,인천,남동구,남동구,합계,"""1,469""",103
602,인천,남동구,남동구,20㎡이하,9,0
603,인천,남동구,남동구,21~40㎡,162,6
604,인천,남동구,남동구,41~60㎡,620,34
605,인천,남동구,남동구,61~85㎡,492,39
606,인천,남동구,남동구,86~100㎡,21,2
607,인천,남동구,남동구,101~135㎡,130,15
608,인천,남동구,남동구,136~165㎡,26,4
609,인천,남동구,남동구,166~198㎡,5,1
610,인천,남동구,남동구,198㎡초과,4,1
611,인천,부평구,부평구,합계,"""1,804""",124
612,인천,부평구,부평구,20㎡이하,22,0
613,인천,부평구,부평구,21~40㎡,149,6
614,인천,부평구,부평구,41~60㎡,759,42
615,인천,부평구,부평구,61~85㎡,754,61
616,인천,부평구,부평구,86~100㎡,4,0
617,인천,부평구,부평구,101~135㎡,97,11
618,인천,부평구,부평구,136~165㎡,17,3
619,인천,부평구,부평구,166~198㎡,2,0
620,인천,부평구,부평구,198㎡초과,0,0
621,인천,계양구,계양구,합계,895,55
622,인천,계양구,계양구,20㎡이하,5,0
623,인천,계양구,계양구,21~40㎡,97,4
624,인천,계양구,계양구,41~60㎡,482,25
625,인천,계양구,계양구,61~85㎡,255,20
626,인천,계양구,계양구,86~100㎡,12,1
627,인천,계양구,계양구,101~135㎡,39,4
628,인천,계양구,계양구,136~165㎡,5,1
629,인천,계양구,계양구,166~198㎡,0,0
630,인천,계양구,계양구,198㎡초과,0,0
631,인천,서구,서구,합계,"""1,971""",153
632,인천,서구,서구,20㎡이하,8,0
633,인천,서구,서구,21~40㎡,36,1
634,인천,서구,서구,41~60㎡,683,36
635,인천,서구,서구,61~85㎡,900,74
636,인천,서구,서구,86~100㎡,30,3
637,인천,서구,서구,101~135㎡,246,29
638,인천,서구,서구,136~165㎡,64,9
639,인천,서구,서구,166~198㎡,4,1
640,인천,서구,서구,198㎡초과,0,0
641,인천,강화군,강화군,합계,15,1
642,인천,강화군,강화군,20㎡이하,1,0
643,인천,강화군,강화군,21~40㎡,0,0
644,인천,강화군,강화군,41~60㎡,3,0
645,인천,강화군,강화군,61~85㎡,9,1
646,인천,강화군,강화군,86~100㎡,0,0
647,인천,강화군,강화군,101~135㎡,2,0
648,인천,강화군,강화군,136~165㎡,0,0
649,인천,강화군,강화군,166~198㎡,0,0
650,인천,강화군,강화군,198㎡초과,0,0
651,인천,옹진군,옹진군,합계,,
652,인천,옹진군,옹진군,20㎡이하,,
653,인천,옹진군,옹진군,21~40㎡,,
654,인천,옹진군,옹진군,41~60㎡,,
655,인천,옹진군,옹진군,61~85㎡,,
656,인천,옹진군,옹진군,86~100㎡,,
657,인천,옹진군,옹진군,101~135㎡,,
658,인천,옹진군,옹진군,136~165㎡,,
659,인천,옹진군,옹진군,166~198㎡,,
660,인천,옹진군,옹진군,198㎡초과,,
661,광주,광주,광주,합계,"""3,783""",453
662,광주,광주,광주,20㎡이하,28,0
663,광주,광주,광주,21~40㎡,162,6
664,광주,광주,광주,41~60㎡,"""1,085""",61
665,광주,광주,광주,61~85㎡,"""2,191""",180
666,광주,광주,광주,86~100㎡,40,4
667,광주,광주,광주,101~135㎡,228,27
668,광주,광주,광주,136~165㎡,38,6
669,광주,광주,광주,166~198㎡,10,2
670,광주,광주,광주,198㎡초과,1,167
671,광주,동구,동구,합계,419,31
672,광주,동구,동구,20㎡이하,3,0
673,광주,동구,동구,21~40㎡,50,2
674,광주,동구,동구,41~60㎡,49,3
675,광주,동구,동구,61~85㎡,291,23
676,광주,동구,동구,86~100㎡,4,0
677,광주,동구,동구,101~135㎡,20,2
678,광주,동구,동구,136~165㎡,1,0
679,광주,동구,동구,166~198㎡,1,0
680,광주,동구,동구,198㎡초과,0,0
681,광주,서구,서구,합계,619,48
682,광주,서구,서구,20㎡이하,9,0
683,광주,서구,서구,21~40㎡,14,0
684,광주,서구,서구,41~60㎡,165,10
685,광주,서구,서구,61~85㎡,358,29
686,광주,서구,서구,86~100㎡,4,0
687,광주,서구,서구,101~135㎡,51,6
688,광주,서구,서구,136~165㎡,14,2
689,광주,서구,서구,166~198㎡,4,1
690,광주,서구,서구,198㎡초과,0,0
691,광주,남구,남구,합계,435,33
692,광주,남구,남구,20㎡이하,4,0
693,광주,남구,남구,21~40㎡,30,1
694,광주,남구,남구,41~60㎡,129,7
695,광주,남구,남구,61~85㎡,229,19
696,광주,남구,남구,86~100㎡,1,0
697,광주,남구,남구,101~135㎡,26,3
698,광주,남구,남구,136~165㎡,13,2
699,광주,남구,남구,166~198㎡,3,1
700,광주,남구,남구,198㎡초과,0,0
701,광주,북구,북구,합계,"""1,513""",281
702,광주,북구,북구,20㎡이하,3,0
703,광주,북구,북구,21~40㎡,35,1
704,광주,북구,북구,41~60㎡,499,28
705,광주,북구,북구,61~85㎡,863,71
706,광주,북구,북구,86~100㎡,10,1
707,광주,북구,북구,101~135㎡,92,11
708,광주,북구,북구,136~165㎡,9,1
709,광주,북구,북구,166~198㎡,1,0
710,광주,북구,북구,198㎡초과,1,167
711,광주,광산구,광산구,합계,797,59
712,광주,광산구,광산구,20㎡이하,9,0
713,광주,광산구,광산구,21~40㎡,33,1
714,광주,광산구,광산구,41~60㎡,243,14
715,광주,광산구,광산구,61~85㎡,450,37
716,광주,광산구,광산구,86~100㎡,21,2
717,광주,광산구,광산구,101~135㎡,39,5
718,광주,광산구,광산구,136~165㎡,1,0
719,광주,광산구,광산구,166~198㎡,1,0
720,광주,광산구,광산구,198㎡초과,0,0
721,대전,대전,대전,합계,"""8,165""",624
722,대전,대전,대전,20㎡이하,29,0
723,대전,대전,대전,21~40㎡,269,9
724,대전,대전,대전,41~60㎡,"""2,410""",137
725,대전,대전,대전,61~85㎡,"""4,632""",379
726,대전,대전,대전,86~100㎡,89,9
727,대전,대전,대전,101~135㎡,617,72
728,대전,대전,대전,136~165㎡,98,15
729,대전,대전,대전,166~198㎡,14,2
730,대전,대전,대전,198㎡초과,7,1
731,대전,동구,동구,합계,844,58
732,대전,동구,동구,20㎡이하,0,0
733,대전,동구,동구,21~40㎡,53,2
734,대전,동구,동구,41~60㎡,371,21
735,대전,동구,동구,61~85㎡,375,30
736,대전,동구,동구,86~100㎡,3,0
737,대전,동구,동구,101~135㎡,39,4
738,대전,동구,동구,136~165㎡,2,0
739,대전,동구,동구,166~198㎡,0,0
740,대전,동구,동구,198㎡초과,1,0
741,대전,중구,중구,합계,717,54
742,대전,중구,중구,20㎡이하,7,0
743,대전,중구,중구,21~40㎡,64,2
744,대전,중구,중구,41~60㎡,222,12
745,대전,중구,중구,61~85㎡,316,26
746,대전,중구,중구,86~100㎡,7,1
747,대전,중구,중구,101~135㎡,79,9
748,대전,중구,중구,136~165㎡,16,2
749,대전,중구,중구,166~198㎡,5,1
750,대전,중구,중구,198㎡초과,1,0
751,대전,서구,서구,합계,"""2,076""",157
752,대전,서구,서구,20㎡이하,6,0
753,대전,서구,서구,21~40㎡,77,3
754,대전,서구,서구,41~60㎡,587,32
755,대전,서구,서구,61~85㎡,"""1,178""",96
756,대전,서구,서구,86~100㎡,37,4
757,대전,서구,서구,101~135㎡,167,19
758,대전,서구,서구,136~165㎡,21,3
759,대전,서구,서구,166~198㎡,1,0
760,대전,서구,서구,198㎡초과,2,0
761,대전,유성구,유성구,합계,"""3,835""",305
762,대전,유성구,유성구,20㎡이하,13,0
763,대전,유성구,유성구,21~40㎡,37,1
764,대전,유성구,유성구,41~60㎡,"""1,021""",60
765,대전,유성구,유성구,61~85㎡,"""2,364""",196
766,대전,유성구,유성구,86~100㎡,37,4
767,대전,유성구,유성구,101~135㎡,305,36
768,대전,유성구,유성구,136~165㎡,47,7
769,대전,유성구,유성구,166~198㎡,8,1
770,대전,유성구,유성구,198㎡초과,3,1
771,대전,대덕구,대덕구,합계,693,50
772,대전,대덕구,대덕구,20㎡이하,3,0
773,대전,대덕구,대덕구,21~40㎡,38,1
774,대전,대덕구,대덕구,41~60㎡,209,12
775,대전,대덕구,대덕구,61~85㎡,399,31
776,대전,대덕구,대덕구,86~100㎡,5,0
777,대전,대덕구,대덕구,101~135㎡,27,3
778,대전,대덕구,대덕구,136~165㎡,12,2
779,대전,대덕구,대덕구,166~198㎡,0,0
780,대전,대덕구,대덕구,198㎡초과,0,0
781,울산,울산,울산,합계,"""2,661""",211
782,울산,울산,울산,20㎡이하,7,0
783,울산,울산,울산,21~40㎡,49,2
784,울산,울산,울산,41~60㎡,676,38
785,울산,울산,울산,61~85㎡,"""1,583""",128
786,울산,울산,울산,86~100㎡,28,3
787,울산,울산,울산,101~135㎡,237,28
788,울산,울산,울산,136~165㎡,69,10
789,울산,울산,울산,166~198㎡,6,1
790,울산,울산,울산,198㎡초과,6,1
791,울산,중구,중구,합계,507,42
792,울산,중구,중구,20㎡이하,0,0
793,울산,중구,중구,21~40㎡,6,0
794,울산,중구,중구,41~60㎡,86,5
795,울산,중구,중구,61~85㎡,338,27
796,울산,중구,중구,86~100㎡,7,1
797,울산,중구,중구,101~135㎡,51,6
798,울산,중구,중구,136~165㎡,18,3
799,울산,중구,중구,166~198㎡,1,0
800,울산,중구,중구,198㎡초과,0,0
801,울산,남구,남구,합계,"""1,157""",91
802,울산,남구,남구,20㎡이하,5,0
803,울산,남구,남구,21~40㎡,35,1
804,울산,남구,남구,41~60㎡,331,18
805,울산,남구,남구,61~85㎡,615,49
806,울산,남구,남구,86~100㎡,8,1
807,울산,남구,남구,101~135㎡,105,13
808,울산,남구,남구,136~165㎡,47,7
809,울산,남구,남구,166~198㎡,5,1
810,울산,남구,남구,198㎡초과,6,1
811,울산,동구,동구,합계,247,19
812,울산,동구,동구,20㎡이하,1,0
813,울산,동구,동구,21~40㎡,1,0
814,울산,동구,동구,41~60㎡,70,4
815,울산,동구,동구,61~85㎡,149,12
816,울산,동구,동구,86~100㎡,3,0
817,울산,동구,동구,101~135㎡,22,3
818,울산,동구,동구,136~165㎡,1,0
819,울산,동구,동구,166~198㎡,0,0
820,울산,동구,동구,198㎡초과,0,0
821,울산,북구,북구,합계,436,35
822,울산,북구,북구,20㎡이하,0,0
823,울산,북구,북구,21~40㎡,3,0
824,울산,북구,북구,41~60㎡,87,5
825,울산,북구,북구,61~85㎡,313,26
826,울산,북구,북구,86~100㎡,2,0
827,울산,북구,북구,101~135㎡,31,4
828,울산,북구,북구,136~165㎡,0,0
829,울산,북구,북구,166~198㎡,0,0
830,울산,북구,북구,198㎡초과,0,0
831,울산,울주군,울주군,합계,314,24
832,울산,울주군,울주군,20㎡이하,1,0
833,울산,울주군,울주군,21~40㎡,4,0
834,울산,울주군,울주군,41~60㎡,102,6
835,울산,울주군,울주군,61~85㎡,168,13
836,울산,울주군,울주군,86~100㎡,8,1
837,울산,울주군,울주군,101~135㎡,28,3
838,울산,울주군,울주군,136~165㎡,3,0
839,울산,울주군,울주군,166~198㎡,0,0
840,울산,울주군,울주군,198㎡초과,0,0
841,세종,세종,세종,합계,"""1,577""",120
842,세종,세종,세종,20㎡이하,13,0
843,세종,세종,세종,21~40㎡,68,2
844,세종,세종,세종,41~60㎡,519,30
845,세종,세종,세종,61~85㎡,727,61
846,세종,세종,세종,86~100㎡,86,8
847,세종,세종,세종,101~135㎡,153,17
848,세종,세종,세종,136~165㎡,10,2
849,세종,세종,세종,166~198㎡,1,0
850,세종,세종,세종,198㎡초과,0,0
851,경기,경기,경기,합계,"""52,000""","""3,955"""
852,경기,경기,경기,20㎡이하,240,3
853,경기,경기,경기,21~40㎡,"""2,135""",75
854,경기,경기,경기,41~60㎡,"""17,048""",954
855,경기,경기,경기,61~85㎡,"""25,818""","""2,107"""
856,경기,경기,경기,86~100㎡,996,96
857,경기,경기,경기,101~135㎡,"""4,636""",541
858,경기,경기,경기,136~165㎡,851,128
859,경기,경기,경기,166~198㎡,224,40
860,경기,경기,경기,198㎡초과,52,11
861,경기,수원시,수원시,합계,"""3,846""",265
862,경기,수원시,수원시,20㎡이하,1,0
863,경기,수원시,수원시,21~40㎡,184,6
864,경기,수원시,수원시,41~60㎡,"""2,012""",116
865,경기,수원시,수원시,61~85㎡,"""1,393""",114
866,경기,수원시,수원시,86~100㎡,40,4
867,경기,수원시,수원시,101~135㎡,194,23
868,경기,수원시,수원시,136~165㎡,19,3
869,경기,수원시,수원시,166~198㎡,3,1
870,경기,수원시,수원시,198㎡초과,0,0
871,경기,수원시,장안구,합계,"""1,124""",78
872,경기,수원시,장안구,20㎡이하,0,0
873,경기,수원시,장안구,21~40㎡,77,3
874,경기,수원시,장안구,41~60㎡,472,27
875,경기,수원시,장안구,61~85㎡,530,44
876,경기,수원시,장안구,86~100㎡,13,1
877,경기,수원시,장안구,101~135㎡,24,3
878,경기,수원시,장안구,136~165㎡,8,1
879,경기,수원시,장안구,166~198㎡,0,0
880,경기,수원시,장안구,198㎡초과,0,0
881,경기,수원시,권선구,합계,769,56
882,경기,수원시,권선구,20㎡이하,0,0
883,경기,수원시,권선구,21~40㎡,5,0
884,경기,수원시,권선구,41~60㎡,348,20
885,경기,수원시,권선구,61~85㎡,374,31
886,경기,수원시,권선구,86~100㎡,7,1
887,경기,수원시,권선구,101~135㎡,33,4
888,경기,수원시,권선구,136~165㎡,1,0
889,경기,수원시,권선구,166~198㎡,1,0
890,경기,수원시,권선구,198㎡초과,0,0
891,경기,수원시,팔달구,합계,344,21
892,경기,수원시,팔달구,20㎡이하,0,0
893,경기,수원시,팔달구,21~40㎡,79,2
894,경기,수원시,팔달구,41~60㎡,143,8
895,경기,수원시,팔달구,61~85㎡,103,8
896,경기,수원시,팔달구,86~100㎡,1,0
897,경기,수원시,팔달구,101~135㎡,13,2
898,경기,수원시,팔달구,136~165㎡,5,1
899,경기,수원시,팔달구,166~198㎡,0,0
900,경기,수원시,팔달구,198㎡초과,0,0
901,경기,수원시,영통구,합계,"""1,609""",110
902,경기,수원시,영통구,20㎡이하,1,0
903,경기,수원시,영통구,21~40㎡,23,1
904,경기,수원시,영통구,41~60㎡,"""1,049""",61
905,경기,수원시,영통구,61~85㎡,386,31
906,경기,수원시,영통구,86~100㎡,19,2
907,경기,수원시,영통구,101~135㎡,124,14
908,경기,수원시,영통구,136~165㎡,5,1
909,경기,수원시,영통구,166~198㎡,2,0
910,경기,수원시,영통구,198㎡초과,0,0
911,경기,성남시,성남시,합계,"""1,606""",127
912,경기,성남시,성남시,20㎡이하,1,0
913,경기,성남시,성남시,21~40㎡,181,6
914,경기,성남시,성남시,41~60㎡,535,29
915,경기,성남시,성남시,61~85㎡,485,39
916,경기,성남시,성남시,86~100㎡,19,2
917,경기,성남시,성남시,101~135㎡,299,36
918,경기,성남시,성남시,136~165㎡,48,7
919,경기,성남시,성남시,166~198㎡,26,5
920,경기,성남시,성남시,198㎡초과,12,3
921,경기,성남시,수정구,합계,248,17
922,경기,성남시,수정구,20㎡이하,0,0
923,경기,성남시,수정구,21~40㎡,63,2
924,경기,성남시,수정구,41~60㎡,44,2
925,경기,성남시,수정구,61~85㎡,112,9
926,경기,성남시,수정구,86~100㎡,13,1
927,경기,성남시,수정구,101~135㎡,15,2
928,경기,성남시,수정구,136~165㎡,1,0
929,경기,성남시,수정구,166~198㎡,0,0
930,경기,성남시,수정구,198㎡초과,0,0
931,경기,성남시,중원구,합계,216,14
932,경기,성남시,중원구,20㎡이하,0,0
933,경기,성남시,중원구,21~40㎡,26,1
934,경기,성남시,중원구,41~60㎡,88,5
935,경기,성남시,중원구,61~85㎡,87,7
936,경기,성남시,중원구,86~100㎡,0,0
937,경기,성남시,중원구,101~135㎡,15,2
938,경기,성남시,중원구,136~165㎡,0,0
939,경기,성남시,중원구,166~198㎡,0,0
940,경기,성남시,중원구,198㎡초과,0,0
941,경기,성남시,분당구,합계,"""1,142""",96
942,경기,성남시,분당구,20㎡이하,1,0
943,경기,성남시,분당구,21~40㎡,92,3
944,경기,성남시,분당구,41~60㎡,403,22
945,경기,성남시,분당구,61~85㎡,286,23
946,경기,성남시,분당구,86~100㎡,6,1
947,경기,성남시,분당구,101~135㎡,269,33
948,경기,성남시,분당구,136~165㎡,47,7
949,경기,성남시,분당구,166~198㎡,26,5
950,경기,성남시,분당구,198㎡초과,12,3
951,경기,의정부시,의정부시,합계,"""2,827""",198
952,경기,의정부시,의정부시,20㎡이하,51,1
953,경기,의정부시,의정부시,21~40㎡,87,3
954,경기,의정부시,의정부시,41~60㎡,"""1,185""",69
955,경기,의정부시,의정부시,61~85㎡,"""1,350""",110
956,경기,의정부시,의정부시,86~100㎡,90,9
957,경기,의정부시,의정부시,101~135㎡,63,7
958,경기,의정부시,의정부시,136~165㎡,1,0
959,경기,의정부시,의정부시,166~198㎡,0,0
960,경기,의정부시,의정부시,198㎡초과,0,0
961,경기,안양시,안양시,합계,"""1,827""",122
962,경기,안양시,안양시,20㎡이하,6,0
963,경기,안양시,안양시,21~40㎡,286,10
964,경기,안양시,안양시,41~60㎡,745,40
965,경기,안양시,안양시,61~85㎡,600,48
966,경기,안양시,안양시,86~100㎡,36,3
967,경기,안양시,안양시,101~135㎡,133,16
968,경기,안양시,안양시,136~165㎡,15,2
969,경기,안양시,안양시,166~198㎡,6,1
970,경기,안양시,안양시,198㎡초과,0,0
971,경기,안양시,만안구,합계,487,34
972,경기,안양시,만안구,20㎡이하,3,0
973,경기,안양시,만안구,21~40㎡,15,0
974,경기,안양시,만안구,41~60㎡,215,12
975,경기,안양시,만안구,61~85㎡,218,17
976,경기,안양시,만안구,86~100㎡,8,1
977,경기,안양시,만안구,101~135㎡,25,3
978,경기,안양시,만안구,136~165㎡,2,0
979,경기,안양시,만안구,166~198㎡,1,0
980,경기,안양시,만안구,198㎡초과,0,0
981,경기,안양시,동안구,합계,"""1,340""",88
982,경기,안양시,동안구,20㎡이하,3,0
983,경기,안양시,동안구,21~40㎡,271,10
984,경기,안양시,동안구,41~60㎡,530,28
985,경기,안양시,동안구,61~85㎡,382,32
986,경기,안양시,동안구,86~100㎡,28,3
987,경기,안양시,동안구,101~135㎡,108,13
988,경기,안양시,동안구,136~165㎡,13,2
989,경기,안양시,동안구,166~198㎡,5,1
990,경기,안양시,동안구,198㎡초과,0,0
991,경기,부천시,부천시,합계,"""1,877""",132
992,경기,부천시,부천시,20㎡이하,11,0
993,경기,부천시,부천시,21~40㎡,103,4
994,경기,부천시,부천시,41~60㎡,840,44
995,경기,부천시,부천시,61~85㎡,705,56
996,경기,부천시,부천시,86~100㎡,34,3
997,경기,부천시,부천시,101~135㎡,148,18
998,경기,부천시,부천시,136~165㎡,32,5
999,경기,부천시,부천시,166~198㎡,4,1
1000,경기,부천시,부천시,198㎡초과,0,0
1001,경기,부천시,원미구,합계,,
1002,경기,부천시,원미구,20㎡이하,,
1003,경기,부천시,원미구,21~40㎡,,
1004,경기,부천시,원미구,41~60㎡,,
1005,경기,부천시,원미구,61~85㎡,,
1006,경기,부천시,원미구,86~100㎡,,
1007,경기,부천시,원미구,101~135㎡,,
1008,경기,부천시,원미구,136~165㎡,,
1009,경기,부천시,원미구,166~198㎡,,
1010,경기,부천시,원미구,198㎡초과,,
1011,경기,부천시,소사구,합계,,
1012,경기,부천시,소사구,20㎡이하,,
1013,경기,부천시,소사구,21~40㎡,,
1014,경기,부천시,소사구,41~60㎡,,
1015,경기,부천시,소사구,61~85㎡,,
1016,경기,부천시,소사구,86~100㎡,,
1017,경기,부천시,소사구,101~135㎡,,
1018,경기,부천시,소사구,136~165㎡,,
1019,경기,부천시,소사구,166~198㎡,,
1020,경기,부천시,소사구,198㎡초과,,
1021,경기,부천시,(구)원미구,합계,,
1022,경기,부천시,(구)원미구,20㎡이하,,
1023,경기,부천시,(구)원미구,21~40㎡,,
1024,경기,부천시,(구)원미구,41~60㎡,,
1025,경기,부천시,(구)원미구,61~85㎡,,
1026,경기,부천시,(구)원미구,86~100㎡,,
1027,경기,부천시,(구)원미구,101~135㎡,,
1028,경기,부천시,(구)원미구,136~165㎡,,
1029,경기,부천시,(구)원미구,166~198㎡,,
1030,경기,부천시,(구)원미구,198㎡초과,,
1031,경기,부천시,오정구,합계,,
1032,경기,부천시,오정구,20㎡이하,,
1033,경기,부천시,오정구,21~40㎡,,
1034,경기,부천시,오정구,41~60㎡,,
1035,경기,부천시,오정구,61~85㎡,,
1036,경기,부천시,오정구,86~100㎡,,
1037,경기,부천시,오정구,101~135㎡,,
1038,경기,부천시,오정구,136~165㎡,,
1039,경기,부천시,오정구,166~198㎡,,
1040,경기,부천시,오정구,198㎡초과,,
1041,경기,부천시,(구)소사구,합계,,
1042,경기,부천시,(구)소사구,20㎡이하,,
1043,경기,부천시,(구)소사구,21~40㎡,,
1044,경기,부천시,(구)소사구,41~60㎡,,
1045,경기,부천시,(구)소사구,61~85㎡,,
1046,경기,부천시,(구)소사구,86~100㎡,,
1047,경기,부천시,(구)소사구,101~135㎡,,
1048,경기,부천시,(구)소사구,136~165㎡,,
1049,경기,부천시,(구)소사구,166~198㎡,,
1050,경기,부천시,(구)소사구,198㎡초과,,
1051,경기,부천시,(구)오정구,합계,,
1052,경기,부천시,(구)오정구,20㎡이하,,
1053,경기,부천시,(구)오정구,21~40㎡,,
1054,경기,부천시,(구)오정구,41~60㎡,,
1055,경기,부천시,(구)오정구,61~85㎡,,
1056,경기,부천시,(구)오정구,86~100㎡,,
1057,경기,부천시,(구)오정구,101~135㎡,,
1058,경기,부천시,(구)오정구,136~165㎡,,
1059,경기,부천시,(구)오정구,166~198㎡,,
1060,경기,부천시,(구)오정구,198㎡초과,,
1061,경기,광명시,광명시,합계,"""1,188""",75
1062,경기,광명시,광명시,20㎡이하,2,0
1063,경기,광명시,광명시,21~40㎡,92,3
1064,경기,광명시,광명시,41~60㎡,756,42
1065,경기,광명시,광명시,61~85㎡,280,23
1066,경기,광명시,광명시,86~100㎡,14,1
1067,경기,광명시,광명시,101~135㎡,42,5
1068,경기,광명시,광명시,136~165㎡,2,0
1069,경기,광명시,광명시,166~198㎡,0,0
1070,경기,광명시,광명시,198㎡초과,0,0
1071,경기,평택시,평택시,합계,"""3,046""",235
1072,경기,평택시,평택시,20㎡이하,8,0
1073,경기,평택시,평택시,21~40㎡,90,3
1074,경기,평택시,평택시,41~60㎡,644,38
1075,경기,평택시,평택시,61~85㎡,"""2,035""",165
1076,경기,평택시,평택시,86~100㎡,90,9
1077,경기,평택시,평택시,101~135㎡,160,18
1078,경기,평택시,평택시,136~165㎡,17,3
1079,경기,평택시,평택시,166~198㎡,2,0
1080,경기,평택시,평택시,198㎡초과,0,0
1081,경기,동두천시,동두천시,합계,270,19
1082,경기,동두천시,동두천시,20㎡이하,0,0
1083,경기,동두천시,동두천시,21~40㎡,5,0
1084,경기,동두천시,동두천시,41~60㎡,153,9
1085,경기,동두천시,동두천시,61~85㎡,100,8
1086,경기,동두천시,동두천시,86~100㎡,2,0
1087,경기,동두천시,동두천시,101~135㎡,9,1
1088,경기,동두천시,동두천시,136~165㎡,1,0
1089,경기,동두천시,동두천시,166~198㎡,0,0
1090,경기,동두천시,동두천시,198㎡초과,0,0
1091,경기,안산시,안산시,합계,"""3,378""",228
1092,경기,안산시,안산시,20㎡이하,4,0
1093,경기,안산시,안산시,21~40㎡,202,8
1094,경기,안산시,안산시,41~60㎡,"""1,636""",91
1095,경기,안산시,안산시,61~85㎡,"""1,286""",101
1096,경기,안산시,안산시,86~100㎡,68,6
1097,경기,안산시,안산시,101~135㎡,141,16
1098,경기,안산시,안산시,136~165㎡,31,5
1099,경기,안산시,안산시,166~198㎡,9,2
1100,경기,안산시,안산시,198㎡초과,1,0
1101,경기,안산시,상록구,합계,959,71
1102,경기,안산시,상록구,20㎡이하,4,0
1103,경기,안산시,상록구,21~40㎡,46,2
1104,경기,안산시,상록구,41~60㎡,319,17
1105,경기,안산시,상록구,61~85㎡,438,35
1106,경기,안산시,상록구,86~100㎡,43,4
1107,경기,안산시,상록구,101~135㎡,81,9
1108,경기,안산시,상록구,136~165㎡,19,3
1109,경기,안산시,상록구,166~198㎡,9,2
1110,경기,안산시,상록구,198㎡초과,0,0
1111,경기,안산시,단원구,합계,"""2,419""",157
1112,경기,안산시,단원구,20㎡이하,0,0
1113,경기,안산시,단원구,21~40㎡,156,6
1114,경기,안산시,단원구,41~60㎡,"""1,317""",74
1115,경기,안산시,단원구,61~85㎡,848,67
1116,경기,안산시,단원구,86~100㎡,25,2
1117,경기,안산시,단원구,101~135㎡,60,7
1118,경기,안산시,단원구,136~165㎡,12,2
1119,경기,안산시,단원구,166~198㎡,0,0
1120,경기,안산시,단원구,198㎡초과,1,0
1121,경기,고양시,고양시,합계,"""5,173""",437
1122,경기,고양시,고양시,20㎡이하,4,0
1123,경기,고양시,고양시,21~40㎡,74,3
1124,경기,고양시,고양시,41~60㎡,"""1,358""",75
1125,경기,고양시,고양시,61~85㎡,"""2,474""",202
1126,경기,고양시,고양시,86~100㎡,222,22
1127,경기,고양시,고양시,101~135㎡,735,88
1128,경기,고양시,고양시,136~165㎡,236,35
1129,경기,고양시,고양시,166~198㎡,64,11
1130,경기,고양시,고양시,198㎡초과,6,1
1131,경기,고양시,덕양구,합계,"""2,278""",176
1132,경기,고양시,덕양구,20㎡이하,0,0
1133,경기,고양시,덕양구,21~40㎡,45,2
1134,경기,고양시,덕양구,41~60㎡,723,40
1135,경기,고양시,덕양구,61~85㎡,"""1,192""",99
1136,경기,고양시,덕양구,86~100㎡,150,15
1137,경기,고양시,덕양구,101~135㎡,154,18
1138,경기,고양시,덕양구,136~165㎡,11,2
1139,경기,고양시,덕양구,166~198㎡,3,1
1140,경기,고양시,덕양구,198㎡초과,0,0
1141,경기,고양시,일산동구,합계,"""1,104""",98
1142,경기,고양시,일산동구,20㎡이하,4,0
1143,경기,고양시,일산동구,21~40㎡,20,1
1144,경기,고양시,일산동구,41~60㎡,214,12
1145,경기,고양시,일산동구,61~85㎡,560,46
1146,경기,고양시,일산동구,86~100㎡,20,2
1147,경기,고양시,일산동구,101~135㎡,216,26
1148,경기,고양시,일산동구,136~165㎡,59,9
1149,경기,고양시,일산동구,166~198㎡,6,1
1150,경기,고양시,일산동구,198㎡초과,5,1
1151,경기,고양시,일산서구,합계,"""1,791""",163
1152,경기,고양시,일산서구,20㎡이하,0,0
1153,경기,고양시,일산서구,21~40㎡,9,0
1154,경기,고양시,일산서구,41~60㎡,421,23
1155,경기,고양시,일산서구,61~85㎡,722,58
1156,경기,고양시,일산서구,86~100㎡,52,5
1157,경기,고양시,일산서구,101~135㎡,365,43
1158,경기,고양시,일산서구,136~165㎡,166,25
1159,경기,고양시,일산서구,166~198㎡,55,9
1160,경기,고양시,일산서구,198㎡초과,1,0
1161,경기,과천시,과천시,합계,89,6
1162,경기,과천시,과천시,20㎡이하,2,0
1163,경기,과천시,과천시,21~40㎡,7,0
1164,경기,과천시,과천시,41~60㎡,38,2
1165,경기,과천시,과천시,61~85㎡,31,3
1166,경기,과천시,과천시,86~100㎡,1,0
1167,경기,과천시,과천시,101~135㎡,9,1
1168,경기,과천시,과천시,136~165㎡,1,0
1169,경기,과천시,과천시,166~198㎡,0,0
1170,경기,과천시,과천시,198㎡초과,0,0
1171,경기,구리시,구리시,합계,300,22
1172,경기,구리시,구리시,20㎡이하,3,0
1173,경기,구리시,구리시,21~40㎡,19,1
1174,경기,구리시,구리시,41~60㎡,110,6
1175,경기,구리시,구리시,61~85㎡,132,11
1176,경기,구리시,구리시,86~100㎡,5,0
1177,경기,구리시,구리시,101~135㎡,27,3
1178,경기,구리시,구리시,136~165㎡,3,0
1179,경기,구리시,구리시,166~198㎡,1,0
1180,경기,구리시,구리시,198㎡초과,0,0
1181,경기,남양주시,남양주시,합계,"""3,156""",254
1182,경기,남양주시,남양주시,20㎡이하,2,0
1183,경기,남양주시,남양주시,21~40㎡,88,3
1184,경기,남양주시,남양주시,41~60㎡,904,53
1185,경기,남양주시,남양주시,61~85㎡,"""1,734""",143
1186,경기,남양주시,남양주시,86~100㎡,36,4
1187,경기,남양주시,남양주시,101~135㎡,319,39
1188,경기,남양주시,남양주시,136~165㎡,52,8
1189,경기,남양주시,남양주시,166~198㎡,19,3
1190,경기,남양주시,남양주시,198㎡초과,2,0
1191,경기,오산시,오산시,합계,"""1,161""",88
1192,경기,오산시,오산시,20㎡이하,60,0
1193,경기,오산시,오산시,21~40㎡,42,2
1194,경기,오산시,오산시,41~60㎡,206,12
1195,경기,오산시,오산시,61~85㎡,751,62
1196,경기,오산시,오산시,86~100㎡,7,1
1197,경기,오산시,오산시,101~135㎡,86,10
1198,경기,오산시,오산시,136~165㎡,6,1
1199,경기,오산시,오산시,166~198㎡,3,1
1200,경기,오산시,오산시,198㎡초과,0,0
1201,경기,시흥시,시흥시,합계,"""3,082""",210
1202,경기,시흥시,시흥시,20㎡이하,20,0
1203,경기,시흥시,시흥시,21~40㎡,217,7
1204,경기,시흥시,시흥시,41~60㎡,"""1,341""",72
1205,경기,시흥시,시흥시,61~85㎡,"""1,294""",107
1206,경기,시흥시,시흥시,86~100㎡,21,2
1207,경기,시흥시,시흥시,101~135㎡,183,21
1208,경기,시흥시,시흥시,136~165㎡,4,1
1209,경기,시흥시,시흥시,166~198㎡,0,0
1210,경기,시흥시,시흥시,198㎡초과,2,0
1211,경기,군포시,군포시,합계,"""1,001""",71
1212,경기,군포시,군포시,20㎡이하,4,0
1213,경기,군포시,군포시,21~40㎡,54,2
1214,경기,군포시,군포시,41~60㎡,495,26
1215,경기,군포시,군포시,61~85㎡,247,20
1216,경기,군포시,군포시,86~100㎡,45,4
1217,경기,군포시,군포시,101~135㎡,133,16
1218,경기,군포시,군포시,136~165㎡,18,3
1219,경기,군포시,군포시,166~198㎡,5,1
1220,경기,군포시,군포시,198㎡초과,0,0
1221,경기,의왕시,의왕시,합계,330,24
1222,경기,의왕시,의왕시,20㎡이하,0,0
1223,경기,의왕시,의왕시,21~40㎡,9,0
1224,경기,의왕시,의왕시,41~60㎡,147,8
1225,경기,의왕시,의왕시,61~85㎡,148,12
1226,경기,의왕시,의왕시,86~100㎡,2,0
1227,경기,의왕시,의왕시,101~135㎡,22,3
1228,경기,의왕시,의왕시,136~165㎡,2,0
1229,경기,의왕시,의왕시,166~198㎡,0,0
1230,경기,의왕시,의왕시,198㎡초과,0,0
1231,경기,하남시,하남시,합계,609,43
1232,경기,하남시,하남시,20㎡이하,1,0
1233,경기,하남시,하남시,21~40㎡,52,2
1234,경기,하남시,하남시,41~60㎡,202,11
1235,경기,하남시,하남시,61~85㎡,286,24
1236,경기,하남시,하남시,86~100㎡,19,2
1237,경기,하남시,하남시,101~135㎡,49,6
1238,경기,하남시,하남시,136~165㎡,0,0
1239,경기,하남시,하남시,166~198㎡,0,0
1240,경기,하남시,하남시,198㎡초과,0,0
1241,경기,용인시,용인시,합계,"""3,399""",308
1242,경기,용인시,용인시,20㎡이하,11,0
1243,경기,용인시,용인시,21~40㎡,41,1
1244,경기,용인시,용인시,41~60㎡,768,44
1245,경기,용인시,용인시,61~85㎡,"""1,618""",135
1246,경기,용인시,용인시,86~100㎡,58,6
1247,경기,용인시,용인시,101~135㎡,579,70
1248,경기,용인시,용인시,136~165㎡,248,37
1249,경기,용인시,용인시,166~198㎡,52,9
1250,경기,용인시,용인시,198㎡초과,24,5
1251,경기,용인시,처인구,합계,459,37
1252,경기,용인시,처인구,20㎡이하,2,0
1253,경기,용인시,처인구,21~40㎡,3,0
1254,경기,용인시,처인구,41~60㎡,140,8
1255,경기,용인시,처인구,61~85㎡,257,21
1256,경기,용인시,처인구,86~100㎡,14,1
1257,경기,용인시,처인구,101~135㎡,18,2
1258,경기,용인시,처인구,136~165㎡,22,3
1259,경기,용인시,처인구,166~198㎡,0,0
1260,경기,용인시,처인구,198㎡초과,3,1
1261,경기,용인시,기흥구,합계,"""1,425""",130
1262,경기,용인시,기흥구,20㎡이하,1,0
1263,경기,용인시,기흥구,21~40㎡,9,0
1264,경기,용인시,기흥구,41~60㎡,287,17
1265,경기,용인시,기흥구,61~85㎡,719,60
1266,경기,용인시,기흥구,86~100㎡,22,2
1267,경기,용인시,기흥구,101~135㎡,258,31
1268,경기,용인시,기흥구,136~165㎡,101,15
1269,경기,용인시,기흥구,166~198㎡,21,4
1270,경기,용인시,기흥구,198㎡초과,7,2
1271,경기,용인시,수지구,합계,"""1,515""",141
1272,경기,용인시,수지구,20㎡이하,8,0
1273,경기,용인시,수지구,21~40㎡,29,1
1274,경기,용인시,수지구,41~60㎡,341,19
1275,경기,용인시,수지구,61~85㎡,642,53
1276,경기,용인시,수지구,86~100㎡,22,2
1277,경기,용인시,수지구,101~135㎡,303,37
1278,경기,용인시,수지구,136~165㎡,125,19
1279,경기,용인시,수지구,166~198㎡,31,6
1280,경기,용인시,수지구,198㎡초과,14,3
1281,경기,파주시,파주시,합계,"""1,285""",102
1282,경기,파주시,파주시,20㎡이하,12,0
1283,경기,파주시,파주시,21~40㎡,66,2
1284,경기,파주시,파주시,41~60㎡,339,19
1285,경기,파주시,파주시,61~85㎡,618,51
1286,경기,파주시,파주시,86~100㎡,14,1
1287,경기,파주시,파주시,101~135㎡,206,23
1288,경기,파주시,파주시,136~165㎡,20,3
1289,경기,파주시,파주시,166~198㎡,8,1
1290,경기,파주시,파주시,198㎡초과,2,0
1291,경기,이천시,이천시,합계,308,23
1292,경기,이천시,이천시,20㎡이하,0,0
1293,경기,이천시,이천시,21~40㎡,19,1
1294,경기,이천시,이천시,41~60㎡,103,6
1295,경기,이천시,이천시,61~85㎡,166,14
1296,경기,이천시,이천시,86~100㎡,1,0
1297,경기,이천시,이천시,101~135㎡,14,2
1298,경기,이천시,이천시,136~165㎡,5,1
1299,경기,이천시,이천시,166~198㎡,0,0
1300,경기,이천시,이천시,198㎡초과,0,0
1301,경기,안성시,안성시,합계,771,55
1302,경기,안성시,안성시,20㎡이하,0,0
1303,경기,안성시,안성시,21~40㎡,50,2
1304,경기,안성시,안성시,41~60㎡,223,13
1305,경기,안성시,안성시,61~85㎡,468,37
1306,경기,안성시,안성시,86~100㎡,1,0
1307,경기,안성시,안성시,101~135㎡,24,3
1308,경기,안성시,안성시,136~165㎡,1,0
1309,경기,안성시,안성시,166~198㎡,4,1
1310,경기,안성시,안성시,198㎡초과,0,0
1311,경기,김포시,김포시,합계,"""2,903""",230
1312,경기,김포시,김포시,20㎡이하,0,0
1313,경기,김포시,김포시,21~40㎡,79,3
1314,경기,김포시,김포시,41~60㎡,749,41
1315,경기,김포시,김포시,61~85㎡,"""1,614""",132
1316,경기,김포시,김포시,86~100㎡,76,7
1317,경기,김포시,김포시,101~135㎡,315,36
1318,경기,김포시,김포시,136~165㎡,55,8
1319,경기,김포시,김포시,166~198㎡,14,2
1320,경기,김포시,김포시,198㎡초과,1,0
1321,경기,화성시,화성시,합계,"""3,805""",294
1322,경기,화성시,화성시,20㎡이하,24,0
1323,경기,화성시,화성시,21~40㎡,43,2
1324,경기,화성시,화성시,41~60㎡,"""1,021""",59
1325,경기,화성시,화성시,61~85㎡,"""2,377""",195
1326,경기,화성시,화성시,86~100㎡,71,7
1327,경기,화성시,화성시,101~135㎡,250,28
1328,경기,화성시,화성시,136~165㎡,16,2
1329,경기,화성시,화성시,166~198㎡,1,0
1330,경기,화성시,화성시,198㎡초과,2,0
1331,경기,광주시,광주시,합계,967,81
1332,경기,광주시,광주시,20㎡이하,1,0
1333,경기,광주시,광주시,21~40㎡,9,0
1334,경기,광주시,광주시,41~60㎡,103,6
1335,경기,광주시,광주시,61~85㎡,722,59
1336,경기,광주시,광주시,86~100㎡,13,1
1337,경기,광주시,광주시,101~135㎡,103,12
1338,경기,광주시,광주시,136~165㎡,13,2
1339,경기,광주시,광주시,166~198㎡,3,1
1340,경기,광주시,광주시,198㎡초과,0,0
1341,경기,양주시,양주시,합계,"""3,098""",255
1342,경기,양주시,양주시,20㎡이하,0,0
1343,경기,양주시,양주시,21~40㎡,10,0
1344,경기,양주시,양주시,41~60㎡,217,12
1345,경기,양주시,양주시,61~85㎡,"""2,485""",203
1346,경기,양주시,양주시,86~100㎡,11,1
1347,경기,양주시,양주시,101~135㎡,373,39
1348,경기,양주시,양주시,136~165㎡,2,0
1349,경기,양주시,양주시,166~198㎡,0,0
1350,경기,양주시,양주시,198㎡초과,0,0
1351,경기,포천시,포천시,합계,322,22
1352,경기,포천시,포천시,20㎡이하,0,0
1353,경기,포천시,포천시,21~40㎡,4,0
1354,경기,포천시,포천시,41~60㎡,158,9
1355,경기,포천시,포천시,61~85㎡,154,12
1356,경기,포천시,포천시,86~100㎡,0,0
1357,경기,포천시,포천시,101~135㎡,6,1
1358,경기,포천시,포천시,136~165㎡,0,0
1359,경기,포천시,포천시,166~198㎡,0,0
1360,경기,포천시,포천시,198㎡초과,0,0
1361,경기,여주시,여주시,합계,185,13
1362,경기,여주시,여주시,20㎡이하,12,0
1363,경기,여주시,여주시,21~40㎡,19,1
1364,경기,여주시,여주시,41~60㎡,28,2
1365,경기,여주시,여주시,61~85㎡,121,10
1366,경기,여주시,여주시,86~100㎡,0,0
1367,경기,여주시,여주시,101~135㎡,4,1
1368,경기,여주시,여주시,136~165㎡,1,0
1369,경기,여주시,여주시,166~198㎡,0,0
1370,경기,여주시,여주시,198㎡초과,0,0
1371,경기,여주군,여주군,합계,,
1372,경기,여주군,여주군,20㎡이하,,
1373,경기,여주군,여주군,21~40㎡,,
1374,경기,여주군,여주군,41~60㎡,,
1375,경기,여주군,여주군,61~85㎡,,
1376,경기,여주군,여주군,86~100㎡,,
1377,경기,여주군,여주군,101~135㎡,,
1378,경기,여주군,여주군,136~165㎡,,
1379,경기,여주군,여주군,166~198㎡,,
1380,경기,여주군,여주군,198㎡초과,,
1381,경기,연천군,연천군,합계,20,1
1382,경기,연천군,연천군,20㎡이하,0,0
1383,경기,연천군,연천군,21~40㎡,2,0
1384,경기,연천군,연천군,41~60㎡,9,1
1385,경기,연천군,연천군,61~85㎡,9,1
1386,경기,연천군,연천군,86~100㎡,0,0
1387,경기,연천군,연천군,101~135㎡,0,0
1388,경기,연천군,연천군,136~165㎡,0,0
1389,경기,연천군,연천군,166~198㎡,0,0
1390,경기,연천군,연천군,198㎡초과,0,0
1391,경기,가평군,가평군,합계,111,9
1392,경기,가평군,가평군,20㎡이하,0,0
1393,경기,가평군,가평군,21~40㎡,1,0
1394,경기,가평군,가평군,41~60㎡,8,0
1395,경기,가평군,가평군,61~85㎡,101,8
1396,경기,가평군,가평군,86~100㎡,0,0
1397,경기,가평군,가평군,101~135㎡,1,0
1398,경기,가평군,가평군,136~165㎡,0,0
1399,경기,가평군,가평군,166~198㎡,0,0
1400,경기,가평군,가평군,198㎡초과,0,0
1401,경기,양평군,양평군,합계,60,5
1402,경기,양평군,양평군,20㎡이하,0,0
1403,경기,양평군,양평군,21~40㎡,0,0
1404,경기,양평군,양평군,41~60㎡,15,1
1405,경기,양평군,양평군,61~85㎡,34,3
1406,경기,양평군,양평군,86~100㎡,0,0
1407,경기,양평군,양평군,101~135㎡,9,1
1408,경기,양평군,양평군,136~165㎡,2,0
1409,경기,양평군,양평군,166~198㎡,0,0
1410,경기,양평군,양평군,198㎡초과,0,0
1411,강원,강원,강원,합계,"""4,514""",333
1412,강원,강원,강원,20㎡이하,6,0
1413,강원,강원,강원,21~40㎡,267,10
1414,강원,강원,강원,41~60㎡,"""1,340""",76
1415,강원,강원,강원,61~85㎡,"""2,667""",219
1416,강원,강원,강원,86~100㎡,33,3
1417,강원,강원,강원,101~135㎡,171,20
1418,강원,강원,강원,136~165㎡,26,4
1419,강원,강원,강원,166~198㎡,4,1
1420,강원,강원,강원,198㎡초과,0,0
1421,강원,춘천시,춘천시,합계,"""1,099""",89
1422,강원,춘천시,춘천시,20㎡이하,2,0
1423,강원,춘천시,춘천시,21~40㎡,20,1
1424,강원,춘천시,춘천시,41~60㎡,161,9
1425,강원,춘천시,춘천시,61~85㎡,837,69
1426,강원,춘천시,춘천시,86~100㎡,15,1
1427,강원,춘천시,춘천시,101~135㎡,56,7
1428,강원,춘천시,춘천시,136~165㎡,5,1
1429,강원,춘천시,춘천시,166~198㎡,3,1
1430,강원,춘천시,춘천시,198㎡초과,0,0
1431,강원,원주시,원주시,합계,"""1,663""",122
1432,강원,원주시,원주시,20㎡이하,2,0
1433,강원,원주시,원주시,21~40㎡,68,2
1434,강원,원주시,원주시,41~60㎡,640,37
1435,강원,원주시,원주시,61~85㎡,860,71
1436,강원,원주시,원주시,86~100㎡,11,1
1437,강원,원주시,원주시,101~135㎡,74,8
1438,강원,원주시,원주시,136~165㎡,7,1
1439,강원,원주시,원주시,166~198㎡,1,0
1440,강원,원주시,원주시,198㎡초과,0,0
1441,강원,강릉시,강릉시,합계,440,31
1442,강원,강릉시,강릉시,20㎡이하,1,0
1443,강원,강릉시,강릉시,21~40㎡,51,2
1444,강원,강릉시,강릉시,41~60㎡,162,9
1445,강원,강릉시,강릉시,61~85㎡,191,16
1446,강원,강릉시,강릉시,86~100㎡,3,0
1447,강원,강릉시,강릉시,101~135㎡,20,2
1448,강원,강릉시,강릉시,136~165㎡,12,2
1449,강원,강릉시,강릉시,166~198㎡,0,0
1450,강원,강릉시,강릉시,198㎡초과,0,0
1451,강원,동해시,동해시,합계,271,19
1452,강원,동해시,동해시,20㎡이하,1,0
1453,강원,동해시,동해시,21~40㎡,14,1
1454,강원,동해시,동해시,41~60㎡,62,3
1455,강원,동해시,동해시,61~85㎡,189,15
1456,강원,동해시,동해시,86~100㎡,0,0
1457,강원,동해시,동해시,101~135㎡,5,1
1458,강원,동해시,동해시,136~165㎡,0,0
1459,강원,동해시,동해시,166~198㎡,0,0
1460,강원,동해시,동해시,198㎡초과,0,0
1461,강원,태백시,태백시,합계,44,2
1462,강원,태백시,태백시,20㎡이하,0,0
1463,강원,태백시,태백시,21~40㎡,19,1
1464,강원,태백시,태백시,41~60㎡,16,1
1465,강원,태백시,태백시,61~85㎡,9,1
1466,강원,태백시,태백시,86~100㎡,0,0
1467,강원,태백시,태백시,101~135㎡,0,0
1468,강원,태백시,태백시,136~165㎡,0,0
1469,강원,태백시,태백시,166~198㎡,0,0
1470,강원,태백시,태백시,198㎡초과,0,0
1471,강원,속초시,속초시,합계,560,42
1472,강원,속초시,속초시,20㎡이하,0,0
1473,강원,속초시,속초시,21~40㎡,19,1
1474,강원,속초시,속초시,41~60㎡,140,8
1475,강원,속초시,속초시,61~85㎡,382,31
1476,강원,속초시,속초시,86~100㎡,4,0
1477,강원,속초시,속초시,101~135㎡,13,1
1478,강원,속초시,속초시,136~165㎡,2,0
1479,강원,속초시,속초시,166~198㎡,0,0
1480,강원,속초시,속초시,198㎡초과,0,0
1481,강원,삼척시,삼척시,합계,85,5
1482,강원,삼척시,삼척시,20㎡이하,0,0
1483,강원,삼척시,삼척시,21~40㎡,10,0
1484,강원,삼척시,삼척시,41~60㎡,41,2
1485,강원,삼척시,삼척시,61~85㎡,34,3
1486,강원,삼척시,삼척시,86~100㎡,0,0
1487,강원,삼척시,삼척시,101~135㎡,0,0
1488,강원,삼척시,삼척시,136~165㎡,0,0
1489,강원,삼척시,삼척시,166~198㎡,0,0
1490,강원,삼척시,삼척시,198㎡초과,0,0
1491,강원,홍천군,홍천군,합계,28,2
1492,강원,홍천군,홍천군,20㎡이하,0,0
1493,강원,홍천군,홍천군,21~40㎡,4,0
1494,강원,홍천군,홍천군,41~60㎡,16,1
1495,강원,홍천군,홍천군,61~85㎡,7,1
1496,강원,홍천군,홍천군,86~100㎡,0,0
1497,강원,홍천군,홍천군,101~135㎡,1,0
1498,강원,홍천군,홍천군,136~165㎡,0,0
1499,강원,홍천군,홍천군,166~198㎡,0,0
1500,강원,홍천군,홍천군,198㎡초과,0,0
1501,강원,횡성군,횡성군,합계,44,3
1502,강원,횡성군,횡성군,20㎡이하,0,0
1503,강원,횡성군,횡성군,21~40㎡,2,0
1504,강원,횡성군,횡성군,41~60㎡,15,1
1505,강원,횡성군,횡성군,61~85㎡,26,2
1506,강원,횡성군,횡성군,86~100㎡,0,0
1507,강원,횡성군,횡성군,101~135㎡,1,0
1508,강원,횡성군,횡성군,136~165㎡,0,0
1509,강원,횡성군,횡성군,166~198㎡,0,0
1510,강원,횡성군,횡성군,198㎡초과,0,0
1511,강원,영월군,영월군,합계,34,2
1512,강원,영월군,영월군,20㎡이하,0,0
1513,강원,영월군,영월군,21~40㎡,2,0
1514,강원,영월군,영월군,41~60㎡,10,1
1515,강원,영월군,영월군,61~85㎡,22,2
1516,강원,영월군,영월군,86~100㎡,0,0
1517,강원,영월군,영월군,101~135㎡,0,0
1518,강원,영월군,영월군,136~165㎡,0,0
1519,강원,영월군,영월군,166~198㎡,0,0
1520,강원,영월군,영월군,198㎡초과,0,0
1521,강원,평창군,평창군,합계,72,4
1522,강원,평창군,평창군,20㎡이하,0,0
1523,강원,평창군,평창군,21~40㎡,30,1
1524,강원,평창군,평창군,41~60㎡,27,1
1525,강원,평창군,평창군,61~85㎡,15,1
1526,강원,평창군,평창군,86~100㎡,0,0
1527,강원,평창군,평창군,101~135㎡,0,0
1528,강원,평창군,평창군,136~165㎡,0,0
1529,강원,평창군,평창군,166~198㎡,0,0
1530,강원,평창군,평창군,198㎡초과,0,0
1531,강원,정선군,정선군,합계,21,1
1532,강원,정선군,정선군,20㎡이하,0,0
1533,강원,정선군,정선군,21~40㎡,10,0
1534,강원,정선군,정선군,41~60㎡,7,0
1535,강원,정선군,정선군,61~85㎡,4,0
1536,강원,정선군,정선군,86~100㎡,0,0
1537,강원,정선군,정선군,101~135㎡,0,0
1538,강원,정선군,정선군,136~165㎡,0,0
1539,강원,정선군,정선군,166~198㎡,0,0
1540,강원,정선군,정선군,198㎡초과,0,0
1541,강원,철원군,철원군,합계,7,1
1542,강원,철원군,철원군,20㎡이하,0,0
1543,강원,철원군,철원군,21~40㎡,1,0
1544,강원,철원군,철원군,41~60㎡,2,0
1545,강원,철원군,철원군,61~85㎡,3,0
1546,강원,철원군,철원군,86~100㎡,0,0
1547,강원,철원군,철원군,101~135㎡,1,0
1548,강원,철원군,철원군,136~165㎡,0,0
1549,강원,철원군,철원군,166~198㎡,0,0
1550,강원,철원군,철원군,198㎡초과,0,0
1551,강원,화천군,화천군,합계,5,0
1552,강원,화천군,화천군,20㎡이하,0,0
1553,강원,화천군,화천군,21~40㎡,0,0
1554,강원,화천군,화천군,41~60㎡,4,0
1555,강원,화천군,화천군,61~85㎡,1,0
1556,강원,화천군,화천군,86~100㎡,0,0
1557,강원,화천군,화천군,101~135㎡,0,0
1558,강원,화천군,화천군,136~165㎡,0,0
1559,강원,화천군,화천군,166~198㎡,0,0
1560,강원,화천군,화천군,198㎡초과,0,0
1561,강원,양구군,양구군,합계,2,0
1562,강원,양구군,양구군,20㎡이하,0,0
1563,강원,양구군,양구군,21~40㎡,0,0
1564,강원,양구군,양구군,41~60㎡,1,0
1565,강원,양구군,양구군,61~85㎡,1,0
1566,강원,양구군,양구군,86~100㎡,0,0
1567,강원,양구군,양구군,101~135㎡,0,0
1568,강원,양구군,양구군,136~165㎡,0,0
1569,강원,양구군,양구군,166~198㎡,0,0
1570,강원,양구군,양구군,198㎡초과,0,0
1571,강원,인제군,인제군,합계,15,1
1572,강원,인제군,인제군,20㎡이하,0,0
1573,강원,인제군,인제군,21~40㎡,1,0
1574,강원,인제군,인제군,41~60㎡,1,0
1575,강원,인제군,인제군,61~85㎡,13,1
1576,강원,인제군,인제군,86~100㎡,0,0
1577,강원,인제군,인제군,101~135㎡,0,0
1578,강원,인제군,인제군,136~165㎡,0,0
1579,강원,인제군,인제군,166~198㎡,0,0
1580,강원,인제군,인제군,198㎡초과,0,0
1581,강원,고성군,고성군,합계,64,4
1582,강원,고성군,고성군,20㎡이하,0,0
1583,강원,고성군,고성군,21~40㎡,6,0
1584,강원,고성군,고성군,41~60㎡,14,1
1585,강원,고성군,고성군,61~85㎡,44,3
1586,강원,고성군,고성군,86~100㎡,0,0
1587,강원,고성군,고성군,101~135㎡,0,0
1588,강원,고성군,고성군,136~165㎡,0,0
1589,강원,고성군,고성군,166~198㎡,0,0
1590,강원,고성군,고성군,198㎡초과,0,0
1591,강원,양양군,양양군,합계,60,4
1592,강원,양양군,양양군,20㎡이하,0,0
1593,강원,양양군,양양군,21~40㎡,10,0
1594,강원,양양군,양양군,41~60㎡,21,1
1595,강원,양양군,양양군,61~85㎡,29,2
1596,강원,양양군,양양군,86~100㎡,0,0
1597,강원,양양군,양양군,101~135㎡,0,0
1598,강원,양양군,양양군,136~165㎡,0,0
1599,강원,양양군,양양군,166~198㎡,0,0
1600,강원,양양군,양양군,198㎡초과,0,0
1601,충북,충북,충북,합계,"""5,848""",423
1602,충북,충북,충북,20㎡이하,14,0
1603,충북,충북,충북,21~40㎡,508,17
1604,충북,충북,충북,41~60㎡,"""2,118""",121
1605,충북,충북,충북,61~85㎡,"""2,646""",216
1606,충북,충북,충북,86~100㎡,65,6
1607,충북,충북,충북,101~135㎡,411,49
1608,충북,충북,충북,136~165㎡,72,11
1609,충북,충북,충북,166~198㎡,13,2
1610,충북,충북,충북,198㎡초과,1,1
1611,충북,청주시,청주시,합계,"""3,967""",301
1612,충북,청주시,청주시,20㎡이하,10,0
1613,충북,청주시,청주시,21~40㎡,329,11
1614,충북,청주시,청주시,41~60㎡,"""1,082""",61
1615,충북,청주시,청주시,61~85㎡,"""2,037""",166
1616,충북,청주시,청주시,86~100㎡,62,6
1617,충북,청주시,청주시,101~135㎡,370,44
1618,충북,청주시,청주시,136~165㎡,64,10
1619,충북,청주시,청주시,166~198㎡,13,2
1620,충북,청주시,청주시,198㎡초과,0,0
1621,충북,청주시,상당구,합계,"""1,024""",82
1622,충북,청주시,상당구,20㎡이하,1,0
1623,충북,청주시,상당구,21~40㎡,9,0
1624,충북,청주시,상당구,41~60㎡,184,10
1625,충북,청주시,상당구,61~85㎡,719,58
1626,충북,청주시,상당구,86~100㎡,8,1
1627,충북,청주시,상당구,101~135㎡,96,11
1628,충북,청주시,상당구,136~165㎡,6,1
1629,충북,청주시,상당구,166~198㎡,1,0
1630,충북,청주시,상당구,198㎡초과,0,0
1631,충북,청주시,서원구,합계,870,64
1632,충북,청주시,서원구,20㎡이하,0,0
1633,충북,청주시,서원구,21~40㎡,84,3
1634,충북,청주시,서원구,41~60㎡,279,15
1635,충북,청주시,서원구,61~85㎡,405,33
1636,충북,청주시,서원구,86~100㎡,10,1
1637,충북,청주시,서원구,101~135㎡,79,9
1638,충북,청주시,서원구,136~165㎡,9,1
1639,충북,청주시,서원구,166~198㎡,4,1
1640,충북,청주시,서원구,198㎡초과,0,0
1641,충북,청주시,흥덕구,합계,"""1,228""",96
1642,충북,청주시,흥덕구,20㎡이하,4,0
1643,충북,청주시,흥덕구,21~40㎡,102,3
1644,충북,청주시,흥덕구,41~60㎡,378,21
1645,충북,청주시,흥덕구,61~85㎡,511,42
1646,충북,청주시,흥덕구,86~100㎡,43,4
1647,충북,청주시,흥덕구,101~135㎡,140,17
1648,충북,청주시,흥덕구,136~165㎡,45,7
1649,충북,청주시,흥덕구,166~198㎡,5,1
1650,충북,청주시,흥덕구,198㎡초과,0,0
1651,충북,청주시,청원구,합계,845,59
1652,충북,청주시,청원구,20㎡이하,5,0
1653,충북,청주시,청원구,21~40㎡,134,4
1654,충북,청주시,청원구,41~60㎡,241,14
1655,충북,청주시,청원구,61~85㎡,402,33
1656,충북,청주시,청원구,86~100㎡,1,0
1657,충북,청주시,청원구,101~135㎡,55,7
1658,충북,청주시,청원구,136~165㎡,4,1
1659,충북,청주시,청원구,166~198㎡,3,1
1660,충북,청주시,청원구,198㎡초과,0,0
1661,충북,(구)청주시,(구)청주시,합계,,
1662,충북,(구)청주시,(구)청주시,20㎡이하,,
1663,충북,(구)청주시,(구)청주시,21~40㎡,,
1664,충북,(구)청주시,(구)청주시,41~60㎡,,
1665,충북,(구)청주시,(구)청주시,61~85㎡,,
1666,충북,(구)청주시,(구)청주시,86~100㎡,,
1667,충북,(구)청주시,(구)청주시,101~135㎡,,
1668,충북,(구)청주시,(구)청주시,136~165㎡,,
1669,충북,(구)청주시,(구)청주시,166~198㎡,,
1670,충북,(구)청주시,(구)청주시,198㎡초과,,
1671,충북,(구)청주시,(구)상당구,합계,,
1672,충북,(구)청주시,(구)상당구,20㎡이하,,
1673,충북,(구)청주시,(구)상당구,21~40㎡,,
1674,충북,(구)청주시,(구)상당구,41~60㎡,,
1675,충북,(구)청주시,(구)상당구,61~85㎡,,
1676,충북,(구)청주시,(구)상당구,86~100㎡,,
1677,충북,(구)청주시,(구)상당구,101~135㎡,,
1678,충북,(구)청주시,(구)상당구,136~165㎡,,
1679,충북,(구)청주시,(구)상당구,166~198㎡,,
1680,충북,(구)청주시,(구)상당구,198㎡초과,,
1681,충북,(구)청주시,(구)흥덕구,합계,,
1682,충북,(구)청주시,(구)흥덕구,20㎡이하,,
1683,충북,(구)청주시,(구)흥덕구,21~40㎡,,
1684,충북,(구)청주시,(구)흥덕구,41~60㎡,,
1685,충북,(구)청주시,(구)흥덕구,61~85㎡,,
1686,충북,(구)청주시,(구)흥덕구,86~100㎡,,
1687,충북,(구)청주시,(구)흥덕구,101~135㎡,,
1688,충북,(구)청주시,(구)흥덕구,136~165㎡,,
1689,충북,(구)청주시,(구)흥덕구,166~198㎡,,
1690,충북,(구)청주시,(구)흥덕구,198㎡초과,,
1691,충북,충주시,충주시,합계,602,40
1692,충북,충주시,충주시,20㎡이하,3,0
1693,충북,충주시,충주시,21~40㎡,110,4
1694,충북,충주시,충주시,41~60㎡,215,12
1695,충북,충주시,충주시,61~85㎡,244,20
1696,충북,충주시,충주시,86~100㎡,3,0
1697,충북,충주시,충주시,101~135㎡,22,3
1698,충북,충주시,충주시,136~165㎡,5,1
1699,충북,충주시,충주시,166~198㎡,0,0
1700,충북,충주시,충주시,198㎡초과,0,0
1701,충북,제천시,제천시,합계,240,16
1702,충북,제천시,제천시,20㎡이하,1,0
1703,충북,제천시,제천시,21~40㎡,30,1
1704,충북,제천시,제천시,41~60㎡,97,5
1705,충북,제천시,제천시,61~85㎡,101,8
1706,충북,제천시,제천시,86~100㎡,0,0
1707,충북,제천시,제천시,101~135㎡,9,1
1708,충북,제천시,제천시,136~165㎡,2,0
1709,충북,제천시,제천시,166~198㎡,0,0
1710,충북,제천시,제천시,198㎡초과,0,0
1711,충북,(구)청원군,(구)청원군,합계,,
1712,충북,(구)청원군,(구)청원군,20㎡이하,,
1713,충북,(구)청원군,(구)청원군,21~40㎡,,
1714,충북,(구)청원군,(구)청원군,41~60㎡,,
1715,충북,(구)청원군,(구)청원군,61~85㎡,,
1716,충북,(구)청원군,(구)청원군,86~100㎡,,
1717,충북,(구)청원군,(구)청원군,101~135㎡,,
1718,충북,(구)청원군,(구)청원군,136~165㎡,,
1719,충북,(구)청원군,(구)청원군,166~198㎡,,
1720,충북,(구)청원군,(구)청원군,198㎡초과,,
1721,충북,보은군,보은군,합계,18,1
1722,충북,보은군,보은군,20㎡이하,0,0
1723,충북,보은군,보은군,21~40㎡,2,0
1724,충북,보은군,보은군,41~60㎡,5,0
1725,충북,보은군,보은군,61~85㎡,9,1
1726,충북,보은군,보은군,86~100㎡,0,0
1727,충북,보은군,보은군,101~135㎡,2,0
1728,충북,보은군,보은군,136~165㎡,0,0
1729,충북,보은군,보은군,166~198㎡,0,0
1730,충북,보은군,보은군,198㎡초과,0,0
1731,충북,옥천군,옥천군,합계,38,3
1732,충북,옥천군,옥천군,20㎡이하,0,0
1733,충북,옥천군,옥천군,21~40㎡,1,0
1734,충북,옥천군,옥천군,41~60㎡,20,1
1735,충북,옥천군,옥천군,61~85㎡,15,1
1736,충북,옥천군,옥천군,86~100㎡,0,0
1737,충북,옥천군,옥천군,101~135㎡,2,0
1738,충북,옥천군,옥천군,136~165㎡,0,0
1739,충북,옥천군,옥천군,166~198㎡,0,0
1740,충북,옥천군,옥천군,198㎡초과,0,0
1741,충북,영동군,영동군,합계,12,1
1742,충북,영동군,영동군,20㎡이하,0,0
1743,충북,영동군,영동군,21~40㎡,1,0
1744,충북,영동군,영동군,41~60㎡,8,0
1745,충북,영동군,영동군,61~85㎡,3,0
1746,충북,영동군,영동군,86~100㎡,0,0
1747,충북,영동군,영동군,101~135㎡,0,0
1748,충북,영동군,영동군,136~165㎡,0,0
1749,충북,영동군,영동군,166~198㎡,0,0
1750,충북,영동군,영동군,198㎡초과,0,0
1751,충북,증평군,증평군,합계,612,38
1752,충북,증평군,증평군,20㎡이하,0,0
1753,충북,증평군,증평군,21~40㎡,7,0
1754,충북,증평군,증평군,41~60㎡,549,32
1755,충북,증평군,증평군,61~85㎡,50,4
1756,충북,증평군,증평군,86~100㎡,0,0
1757,충북,증평군,증평군,101~135㎡,4,1
1758,충북,증평군,증평군,136~165㎡,1,0
1759,충북,증평군,증평군,166~198㎡,0,0
1760,충북,증평군,증평군,198㎡초과,1,1
1761,충북,진천군,진천군,합계,123,9
1762,충북,진천군,진천군,20㎡이하,0,0
1763,충북,진천군,진천군,21~40㎡,4,0
1764,충북,진천군,진천군,41~60㎡,29,2
1765,충북,진천군,진천군,61~85㎡,88,7
1766,충북,진천군,진천군,86~100㎡,0,0
1767,충북,진천군,진천군,101~135㎡,2,0
1768,충북,진천군,진천군,136~165㎡,0,0
1769,충북,진천군,진천군,166~198㎡,0,0
1770,충북,진천군,진천군,198㎡초과,0,0
1771,충북,괴산군,괴산군,합계,8,1
1772,충북,괴산군,괴산군,20㎡이하,0,0
1773,충북,괴산군,괴산군,21~40㎡,0,0
1774,충북,괴산군,괴산군,41~60㎡,3,0
1775,충북,괴산군,괴산군,61~85㎡,5,0
1776,충북,괴산군,괴산군,86~100㎡,0,0
1777,충북,괴산군,괴산군,101~135㎡,0,0
1778,충북,괴산군,괴산군,136~165㎡,0,0
1779,충북,괴산군,괴산군,166~198㎡,0,0
1780,충북,괴산군,괴산군,198㎡초과,0,0
1781,충북,음성군,음성군,합계,209,14
1782,충북,음성군,음성군,20㎡이하,0,0
1783,충북,음성군,음성군,21~40㎡,18,1
1784,충북,음성군,음성군,41~60㎡,97,6
1785,충북,음성군,음성군,61~85㎡,94,8
1786,충북,음성군,음성군,86~100㎡,0,0
1787,충북,음성군,음성군,101~135㎡,0,0
1788,충북,음성군,음성군,136~165㎡,0,0
1789,충북,음성군,음성군,166~198㎡,0,0
1790,충북,음성군,음성군,198㎡초과,0,0
1791,충북,단양군,단양군,합계,19,1
1792,충북,단양군,단양군,20㎡이하,0,0
1793,충북,단양군,단양군,21~40㎡,6,0
1794,충북,단양군,단양군,41~60㎡,13,1
1795,충북,단양군,단양군,61~85㎡,0,0
1796,충북,단양군,단양군,86~100㎡,0,0
1797,충북,단양군,단양군,101~135㎡,0,0
1798,충북,단양군,단양군,136~165㎡,0,0
1799,충북,단양군,단양군,166~198㎡,0,0
1800,충북,단양군,단양군,198㎡초과,0,0
1801,충남,충남,충남,합계,"""6,480""",472
1802,충남,충남,충남,20㎡이하,32,0
1803,충남,충남,충남,21~40㎡,389,14
1804,충남,충남,충남,41~60㎡,"""2,335""",133
1805,충남,충남,충남,61~85㎡,"""3,231""",265
1806,충남,충남,충남,86~100㎡,58,6
1807,충남,충남,충남,101~135㎡,358,41
1808,충남,충남,충남,136~165㎡,48,7
1809,충남,충남,충남,166~198㎡,21,4
1810,충남,충남,충남,198㎡초과,8,2
1811,충남,천안시,천안시,합계,"""2,695""",198
1812,충남,천안시,천안시,20㎡이하,17,0
1813,충남,천안시,천안시,21~40㎡,165,6
1814,충남,천안시,천안시,41~60㎡,962,54
1815,충남,천안시,천안시,61~85㎡,"""1,284""",104
1816,충남,천안시,천안시,86~100㎡,39,4
1817,충남,천안시,천안시,101~135㎡,168,19
1818,충남,천안시,천안시,136~165㎡,32,5
1819,충남,천안시,천안시,166~198㎡,20,4
1820,충남,천안시,천안시,198㎡초과,8,2
1821,충남,천안시,동남구,합계,905,66
1822,충남,천안시,동남구,20㎡이하,15,0
1823,충남,천안시,동남구,21~40㎡,78,3
1824,충남,천안시,동남구,41~60㎡,271,16
1825,충남,천안시,동남구,61~85㎡,462,38
1826,충남,천안시,동남구,86~100㎡,8,1
1827,충남,천안시,동남구,101~135㎡,54,6
1828,충남,천안시,동남구,136~165㎡,16,2
1829,충남,천안시,동남구,166~198㎡,1,0
1830,충남,천안시,동남구,198㎡초과,0,0
1831,충남,천안시,서북구,합계,"""1,790""",132
1832,충남,천안시,서북구,20㎡이하,2,0
1833,충남,천안시,서북구,21~40㎡,87,3
1834,충남,천안시,서북구,41~60㎡,691,39
1835,충남,천안시,서북구,61~85㎡,822,67
1836,충남,천안시,서북구,86~100㎡,31,3
1837,충남,천안시,서북구,101~135㎡,114,13
1838,충남,천안시,서북구,136~165㎡,16,2
1839,충남,천안시,서북구,166~198㎡,19,3
1840,충남,천안시,서북구,198㎡초과,8,2
1841,충남,공주시,공주시,합계,142,9
1842,충남,공주시,공주시,20㎡이하,3,0
1843,충남,공주시,공주시,21~40㎡,9,0
1844,충남,공주시,공주시,41~60㎡,71,4
1845,충남,공주시,공주시,61~85㎡,50,4
1846,충남,공주시,공주시,86~100㎡,2,0
1847,충남,공주시,공주시,101~135㎡,7,1
1848,충남,공주시,공주시,136~165㎡,0,0
1849,충남,공주시,공주시,166~198㎡,0,0
1850,충남,공주시,공주시,198㎡초과,0,0
1851,충남,보령시,보령시,합계,136,10
1852,충남,보령시,보령시,20㎡이하,1,0
1853,충남,보령시,보령시,21~40㎡,7,0
1854,충남,보령시,보령시,41~60㎡,36,2
1855,충남,보령시,보령시,61~85㎡,87,7
1856,충남,보령시,보령시,86~100㎡,0,0
1857,충남,보령시,보령시,101~135㎡,5,1
1858,충남,보령시,보령시,136~165㎡,0,0
1859,충남,보령시,보령시,166~198㎡,0,0
1860,충남,보령시,보령시,198㎡초과,0,0
1861,충남,아산시,아산시,합계,"""1,021""",75
1862,충남,아산시,아산시,20㎡이하,4,0
1863,충남,아산시,아산시,21~40㎡,118,4
1864,충남,아산시,아산시,41~60㎡,284,16
1865,충남,아산시,아산시,61~85㎡,498,41
1866,충남,아산시,아산시,86~100㎡,11,1
1867,충남,아산시,아산시,101~135㎡,96,11
1868,충남,아산시,아산시,136~165㎡,9,1
1869,충남,아산시,아산시,166~198㎡,1,0
1870,충남,아산시,아산시,198㎡초과,0,0
1871,충남,서산시,서산시,합계,336,25
1872,충남,서산시,서산시,20㎡이하,0,0
1873,충남,서산시,서산시,21~40㎡,5,0
1874,충남,서산시,서산시,41~60㎡,87,5
1875,충남,서산시,서산시,61~85㎡,234,19
1876,충남,서산시,서산시,86~100㎡,0,0
1877,충남,서산시,서산시,101~135㎡,10,1
1878,충남,서산시,서산시,136~165㎡,0,0
1879,충남,서산시,서산시,166~198㎡,0,0
1880,충남,서산시,서산시,198㎡초과,0,0
1881,충남,논산시,논산시,합계,112,8
1882,충남,논산시,논산시,20㎡이하,0,0
1883,충남,논산시,논산시,21~40㎡,9,0
1884,충남,논산시,논산시,41~60㎡,42,2
1885,충남,논산시,논산시,61~85㎡,52,4
1886,충남,논산시,논산시,86~100㎡,3,0
1887,충남,논산시,논산시,101~135㎡,6,1
1888,충남,논산시,논산시,136~165㎡,0,0
1889,충남,논산시,논산시,166~198㎡,0,0
1890,충남,논산시,논산시,198㎡초과,0,0
1891,충남,계룡시,계룡시,합계,"""1,025""",74
1892,충남,계룡시,계룡시,20㎡이하,0,0
1893,충남,계룡시,계룡시,21~40㎡,13,0
1894,충남,계룡시,계룡시,41~60㎡,547,33
1895,충남,계룡시,계룡시,61~85㎡,434,37
1896,충남,계룡시,계룡시,86~100㎡,0,0
1897,충남,계룡시,계룡시,101~135㎡,25,3
1898,충남,계룡시,계룡시,136~165㎡,6,1
1899,충남,계룡시,계룡시,166~198㎡,0,0
1900,충남,계룡시,계룡시,198㎡초과,0,0
1901,충남,당진시,당진시,합계,533,41
1902,충남,당진시,당진시,20㎡이하,1,0
1903,충남,당진시,당진시,21~40㎡,6,0
1904,충남,당진시,당진시,41~60㎡,133,8
1905,충남,당진시,당진시,61~85㎡,363,30
1906,충남,당진시,당진시,86~100㎡,3,0
1907,충남,당진시,당진시,101~135㎡,26,3
1908,충남,당진시,당진시,136~165㎡,1,0
1909,충남,당진시,당진시,166~198㎡,0,0
1910,충남,당진시,당진시,198㎡초과,0,0
1911,충남,금산군,금산군,합계,44,3
1912,충남,금산군,금산군,20㎡이하,0,0
1913,충남,금산군,금산군,21~40㎡,13,0
1914,충남,금산군,금산군,41~60㎡,13,1
1915,충남,금산군,금산군,61~85㎡,18,1
1916,충남,금산군,금산군,86~100㎡,0,0
1917,충남,금산군,금산군,101~135㎡,0,0
1918,충남,금산군,금산군,136~165㎡,0,0
1919,충남,금산군,금산군,166~198㎡,0,0
1920,충남,금산군,금산군,198㎡초과,0,0
1921,충남,연기군,연기군,합계,,
1922,충남,연기군,연기군,20㎡이하,,
1923,충남,연기군,연기군,21~40㎡,,
1924,충남,연기군,연기군,41~60㎡,,
1925,충남,연기군,연기군,61~85㎡,,
1926,충남,연기군,연기군,86~100㎡,,
1927,충남,연기군,연기군,101~135㎡,,
1928,충남,연기군,연기군,136~165㎡,,
1929,충남,연기군,연기군,166~198㎡,,
1930,충남,연기군,연기군,198㎡초과,,
1931,충남,부여군,부여군,합계,30,2
1932,충남,부여군,부여군,20㎡이하,0,0
1933,충남,부여군,부여군,21~40㎡,4,0
1934,충남,부여군,부여군,41~60㎡,15,1
1935,충남,부여군,부여군,61~85㎡,11,1
1936,충남,부여군,부여군,86~100㎡,0,0
1937,충남,부여군,부여군,101~135㎡,0,0
1938,충남,부여군,부여군,136~165㎡,0,0
1939,충남,부여군,부여군,166~198㎡,0,0
1940,충남,부여군,부여군,198㎡초과,0,0
1941,충남,서천군,서천군,합계,98,5
1942,충남,서천군,서천군,20㎡이하,3,0
1943,충남,서천군,서천군,21~40㎡,10,0
1944,충남,서천군,서천군,41~60㎡,68,3
1945,충남,서천군,서천군,61~85㎡,17,1
1946,충남,서천군,서천군,86~100㎡,0,0
1947,충남,서천군,서천군,101~135㎡,0,0
1948,충남,서천군,서천군,136~165㎡,0,0
1949,충남,서천군,서천군,166~198㎡,0,0
1950,충남,서천군,서천군,198㎡초과,0,0
1951,충남,청양군,청양군,합계,20,1
1952,충남,청양군,청양군,20㎡이하,3,0
1953,충남,청양군,청양군,21~40㎡,0,0
1954,충남,청양군,청양군,41~60㎡,4,0
1955,충남,청양군,청양군,61~85㎡,13,1
1956,충남,청양군,청양군,86~100㎡,0,0
1957,충남,청양군,청양군,101~135㎡,0,0
1958,충남,청양군,청양군,136~165㎡,0,0
1959,충남,청양군,청양군,166~198㎡,0,0
1960,충남,청양군,청양군,198㎡초과,0,0
1961,충남,홍성군,홍성군,합계,146,11
1962,충남,홍성군,홍성군,20㎡이하,0,0
1963,충남,홍성군,홍성군,21~40㎡,5,0
1964,충남,홍성군,홍성군,41~60㎡,30,2
1965,충남,홍성군,홍성군,61~85㎡,103,9
1966,충남,홍성군,홍성군,86~100㎡,0,0
1967,충남,홍성군,홍성군,101~135㎡,8,1
1968,충남,홍성군,홍성군,136~165㎡,0,0
1969,충남,홍성군,홍성군,166~198㎡,0,0
1970,충남,홍성군,홍성군,198㎡초과,0,0
1971,충남,예산군,예산군,합계,72,5
1972,충남,예산군,예산군,20㎡이하,0,0
1973,충남,예산군,예산군,21~40㎡,6,0
1974,충남,예산군,예산군,41~60㎡,22,1
1975,충남,예산군,예산군,61~85㎡,38,3
1976,충남,예산군,예산군,86~100㎡,0,0
1977,충남,예산군,예산군,101~135㎡,6,1
1978,충남,예산군,예산군,136~165㎡,0,0
1979,충남,예산군,예산군,166~198㎡,0,0
1980,충남,예산군,예산군,198㎡초과,0,0
1981,충남,태안군,태안군,합계,70,4
1982,충남,태안군,태안군,20㎡이하,0,0
1983,충남,태안군,태안군,21~40㎡,19,1
1984,충남,태안군,태안군,41~60㎡,21,1
1985,충남,태안군,태안군,61~85㎡,29,2
1986,충남,태안군,태안군,86~100㎡,0,0
1987,충남,태안군,태안군,101~135㎡,1,0
1988,충남,태안군,태안군,136~165㎡,0,0
1989,충남,태안군,태안군,166~198㎡,0,0
1990,충남,태안군,태안군,198㎡초과,0,0
1991,충남,당진군,당진군,합계,,
1992,충남,당진군,당진군,20㎡이하,,
1993,충남,당진군,당진군,21~40㎡,,
1994,충남,당진군,당진군,41~60㎡,,
1995,충남,당진군,당진군,61~85㎡,,
1996,충남,당진군,당진군,86~100㎡,,
1997,충남,당진군,당진군,101~135㎡,,
1998,충남,당진군,당진군,136~165㎡,,
1999,충남,당진군,당진군,166~198㎡,,
2000,충남,당진군,당진군,198㎡초과,,
2001,전북,전북,전북,합계,"""4,023""",300
2002,전북,전북,전북,20㎡이하,8,0
2003,전북,전북,전북,21~40㎡,200,7
2004,전북,전북,전북,41~60㎡,"""1,410""",80
2005,전북,전북,전북,61~85㎡,"""2,007""",166
2006,전북,전북,전북,86~100㎡,55,5
2007,전북,전북,전북,101~135㎡,291,34
2008,전북,전북,전북,136~165㎡,34,5
2009,전북,전북,전북,166~198㎡,14,2
2010,전북,전북,전북,198㎡초과,4,1
2011,전북,전주시,전주시,합계,"""2,250""",176
2012,전북,전주시,전주시,20㎡이하,3,0
2013,전북,전주시,전주시,21~40㎡,62,2
2014,전북,전주시,전주시,41~60㎡,692,40
2015,전북,전주시,전주시,61~85㎡,"""1,206""",100
2016,전북,전주시,전주시,86~100㎡,42,4
2017,전북,전주시,전주시,101~135㎡,213,25
2018,전북,전주시,전주시,136~165㎡,20,3
2019,전북,전주시,전주시,166~198㎡,9,2
2020,전북,전주시,전주시,198㎡초과,3,1
2021,전북,전주시,완산구,합계,"""1,251""",96
2022,전북,전주시,완산구,20㎡이하,3,0
2023,전북,전주시,완산구,21~40㎡,42,1
2024,전북,전주시,완산구,41~60㎡,390,22
2025,전북,전주시,완산구,61~85㎡,675,56
2026,전북,전주시,완산구,86~100㎡,17,2
2027,전북,전주시,완산구,101~135㎡,111,13
2028,전북,전주시,완산구,136~165㎡,5,1
2029,전북,전주시,완산구,166~198㎡,7,1
2030,전북,전주시,완산구,198㎡초과,1,0
2031,전북,전주시,덕진구,합계,999,80
2032,전북,전주시,덕진구,20㎡이하,0,0
2033,전북,전주시,덕진구,21~40㎡,20,1
2034,전북,전주시,덕진구,41~60㎡,302,17
2035,전북,전주시,덕진구,61~85㎡,531,44
2036,전북,전주시,덕진구,86~100㎡,25,2
2037,전북,전주시,덕진구,101~135㎡,102,12
2038,전북,전주시,덕진구,136~165㎡,15,2
2039,전북,전주시,덕진구,166~198㎡,2,0
2040,전북,전주시,덕진구,198㎡초과,2,0
2041,전북,군산시,군산시,합계,785,57
2042,전북,군산시,군산시,20㎡이하,1,0
2043,전북,군산시,군산시,21~40㎡,36,1
2044,전북,군산시,군산시,41~60㎡,316,18
2045,전북,군산시,군산시,61~85㎡,363,29
2046,전북,군산시,군산시,86~100㎡,7,1
2047,전북,군산시,군산시,101~135㎡,54,6
2048,전북,군산시,군산시,136~165㎡,6,1
2049,전북,군산시,군산시,166~198㎡,2,0
2050,전북,군산시,군산시,198㎡초과,0,0
2051,전북,익산시,익산시,합계,498,34
2052,전북,익산시,익산시,20㎡이하,1,0
2053,전북,익산시,익산시,21~40㎡,60,2
2054,전북,익산시,익산시,41~60㎡,201,11
2055,전북,익산시,익산시,61~85㎡,206,17
2056,전북,익산시,익산시,86~100㎡,5,0
2057,전북,익산시,익산시,101~135㎡,15,2
2058,전북,익산시,익산시,136~165㎡,7,1
2059,전북,익산시,익산시,166~198㎡,3,1
2060,전북,익산시,익산시,198㎡초과,0,0
2061,전북,정읍시,정읍시,합계,130,9
2062,전북,정읍시,정읍시,20㎡이하,2,0
2063,전북,정읍시,정읍시,21~40㎡,9,0
2064,전북,정읍시,정읍시,41~60㎡,67,4
2065,전북,정읍시,정읍시,61~85㎡,45,4
2066,전북,정읍시,정읍시,86~100㎡,0,0
2067,전북,정읍시,정읍시,101~135㎡,5,1
2068,전북,정읍시,정읍시,136~165㎡,1,0
2069,전북,정읍시,정읍시,166~198㎡,0,0
2070,전북,정읍시,정읍시,198㎡초과,1,0
2071,전북,남원시,남원시,합계,62,4
2072,전북,남원시,남원시,20㎡이하,0,0
2073,전북,남원시,남원시,21~40㎡,11,0
2074,전북,남원시,남원시,41~60㎡,23,1
2075,전북,남원시,남원시,61~85㎡,28,2
2076,전북,남원시,남원시,86~100㎡,0,0
2077,전북,남원시,남원시,101~135㎡,0,0
2078,전북,남원시,남원시,136~165㎡,0,0
2079,전북,남원시,남원시,166~198㎡,0,0
2080,전북,남원시,남원시,198㎡초과,0,0
2081,전북,김제시,김제시,합계,80,5
2082,전북,김제시,김제시,20㎡이하,0,0
2083,전북,김제시,김제시,21~40㎡,5,0
2084,전북,김제시,김제시,41~60㎡,44,3
2085,전북,김제시,김제시,61~85㎡,30,2
2086,전북,김제시,김제시,86~100㎡,0,0
2087,전북,김제시,김제시,101~135㎡,1,0
2088,전북,김제시,김제시,136~165㎡,0,0
2089,전북,김제시,김제시,166~198㎡,0,0
2090,전북,김제시,김제시,198㎡초과,0,0
2091,전북,완주군,완주군,합계,95,7
2092,전북,완주군,완주군,20㎡이하,1,0
2093,전북,완주군,완주군,21~40㎡,8,0
2094,전북,완주군,완주군,41~60㎡,28,2
2095,전북,완주군,완주군,61~85㎡,58,5
2096,전북,완주군,완주군,86~100㎡,0,0
2097,전북,완주군,완주군,101~135㎡,0,0
2098,전북,완주군,완주군,136~165㎡,0,0
2099,전북,완주군,완주군,166~198㎡,0,0
2100,전북,완주군,완주군,198㎡초과,0,0
2101,전북,진안군,진안군,합계,0,0
2102,전북,진안군,진안군,20㎡이하,0,0
2103,전북,진안군,진안군,21~40㎡,0,0
2104,전북,진안군,진안군,41~60㎡,0,0
2105,전북,진안군,진안군,61~85㎡,0,0
2106,전북,진안군,진안군,86~100㎡,0,0
2107,전북,진안군,진안군,101~135㎡,0,0
2108,전북,진안군,진안군,136~165㎡,0,0
2109,전북,진안군,진안군,166~198㎡,0,0
2110,전북,진안군,진안군,198㎡초과,0,0
2111,전북,무주군,무주군,합계,10,1
2112,전북,무주군,무주군,20㎡이하,0,0
2113,전북,무주군,무주군,21~40㎡,2,0
2114,전북,무주군,무주군,41~60㎡,2,0
2115,전북,무주군,무주군,61~85㎡,6,1
2116,전북,무주군,무주군,86~100㎡,0,0
2117,전북,무주군,무주군,101~135㎡,0,0
2118,전북,무주군,무주군,136~165㎡,0,0
2119,전북,무주군,무주군,166~198㎡,0,0
2120,전북,무주군,무주군,198㎡초과,0,0
2121,전북,장수군,장수군,합계,1,0
2122,전북,장수군,장수군,20㎡이하,0,0
2123,전북,장수군,장수군,21~40㎡,0,0
2124,전북,장수군,장수군,41~60㎡,0,0
2125,전북,장수군,장수군,61~85㎡,1,0
2126,전북,장수군,장수군,86~100㎡,0,0
2127,전북,장수군,장수군,101~135㎡,0,0
2128,전북,장수군,장수군,136~165㎡,0,0
2129,전북,장수군,장수군,166~198㎡,0,0
2130,전북,장수군,장수군,198㎡초과,0,0
2131,전북,임실군,임실군,합계,7,0
2132,전북,임실군,임실군,20㎡이하,0,0
2133,전북,임실군,임실군,21~40㎡,0,0
2134,전북,임실군,임실군,41~60㎡,3,0
2135,전북,임실군,임실군,61~85㎡,4,0
2136,전북,임실군,임실군,86~100㎡,0,0
2137,전북,임실군,임실군,101~135㎡,0,0
2138,전북,임실군,임실군,136~165㎡,0,0
2139,전북,임실군,임실군,166~198㎡,0,0
2140,전북,임실군,임실군,198㎡초과,0,0
2141,전북,순창군,순창군,합계,8,1
2142,전북,순창군,순창군,20㎡이하,0,0
2143,전북,순창군,순창군,21~40㎡,0,0
2144,전북,순창군,순창군,41~60㎡,2,0
2145,전북,순창군,순창군,61~85㎡,6,0
2146,전북,순창군,순창군,86~100㎡,0,0
2147,전북,순창군,순창군,101~135㎡,0,0
2148,전북,순창군,순창군,136~165㎡,0,0
2149,전북,순창군,순창군,166~198㎡,0,0
2150,전북,순창군,순창군,198㎡초과,0,0
2151,전북,고창군,고창군,합계,26,2
2152,전북,고창군,고창군,20㎡이하,0,0
2153,전북,고창군,고창군,21~40㎡,3,0
2154,전북,고창군,고창군,41~60㎡,7,0
2155,전북,고창군,고창군,61~85㎡,14,1
2156,전북,고창군,고창군,86~100㎡,1,0
2157,전북,고창군,고창군,101~135㎡,1,0
2158,전북,고창군,고창군,136~165㎡,0,0
2159,전북,고창군,고창군,166~198㎡,0,0
2160,전북,고창군,고창군,198㎡초과,0,0
2161,전북,부안군,부안군,합계,71,5
2162,전북,부안군,부안군,20㎡이하,0,0
2163,전북,부안군,부안군,21~40㎡,4,0
2164,전북,부안군,부안군,41~60㎡,25,1
2165,전북,부안군,부안군,61~85㎡,40,3
2166,전북,부안군,부안군,86~100㎡,0,0
2167,전북,부안군,부안군,101~135㎡,2,0
2168,전북,부안군,부안군,136~165㎡,0,0
2169,전북,부안군,부안군,166~198㎡,0,0
2170,전북,부안군,부안군,198㎡초과,0,0
2171,전남,전남,전남,합계,"""4,266""",328
2172,전남,전남,전남,20㎡이하,5,0
2173,전남,전남,전남,21~40㎡,277,10
2174,전남,전남,전남,41~60㎡,939,52
2175,전남,전남,전남,61~85㎡,"""2,729""",228
2176,전남,전남,전남,86~100㎡,32,3
2177,전남,전남,전남,101~135㎡,200,23
2178,전남,전남,전남,136~165㎡,77,11
2179,전남,전남,전남,166~198㎡,6,1
2180,전남,전남,전남,198㎡초과,1,0
2181,전남,목포시,목포시,합계,507,39
2182,전남,목포시,목포시,20㎡이하,1,0
2183,전남,목포시,목포시,21~40㎡,16,1
2184,전남,목포시,목포시,41~60㎡,136,8
2185,전남,목포시,목포시,61~85㎡,324,27
2186,전남,목포시,목포시,86~100㎡,3,0
2187,전남,목포시,목포시,101~135㎡,25,3
2188,전남,목포시,목포시,136~165㎡,1,0
2189,전남,목포시,목포시,166~198㎡,1,0
2190,전남,목포시,목포시,198㎡초과,0,0
2191,전남,여수시,여수시,합계,"""1,032""",84
2192,전남,여수시,여수시,20㎡이하,1,0
2193,전남,여수시,여수시,21~40㎡,45,2
2194,전남,여수시,여수시,41~60㎡,194,11
2195,전남,여수시,여수시,61~85㎡,697,58
2196,전남,여수시,여수시,86~100㎡,0,0
2197,전남,여수시,여수시,101~135㎡,26,3
2198,전남,여수시,여수시,136~165㎡,68,10
2199,전남,여수시,여수시,166~198㎡,1,0
2200,전남,여수시,여수시,198㎡초과,0,0
2201,전남,순천시,순천시,합계,"""1,112""",85
2202,전남,순천시,순천시,20㎡이하,2,0
2203,전남,순천시,순천시,21~40㎡,106,4
2204,전남,순천시,순천시,41~60㎡,209,12
2205,전남,순천시,순천시,61~85㎡,688,57
2206,전남,순천시,순천시,86~100㎡,28,3
2207,전남,순천시,순천시,101~135㎡,67,8
2208,전남,순천시,순천시,136~165㎡,7,1
2209,전남,순천시,순천시,166~198㎡,4,1
2210,전남,순천시,순천시,198㎡초과,1,0
2211,전남,나주시,나주시,합계,177,13
2212,전남,나주시,나주시,20㎡이하,0,0
2213,전남,나주시,나주시,21~40㎡,9,0
2214,전남,나주시,나주시,41~60㎡,32,2
2215,전남,나주시,나주시,61~85㎡,135,11
2216,전남,나주시,나주시,86~100㎡,0,0
2217,전남,나주시,나주시,101~135㎡,1,0
2218,전남,나주시,나주시,136~165㎡,0,0
2219,전남,나주시,나주시,166~198㎡,0,0
2220,전남,나주시,나주시,198㎡초과,0,0
2221,전남,광양시,광양시,합계,407,26
2222,전남,광양시,광양시,20㎡이하,1,0
2223,전남,광양시,광양시,21~40㎡,68,3
2224,전남,광양시,광양시,41~60㎡,165,9
2225,전남,광양시,광양시,61~85㎡,164,13
2226,전남,광양시,광양시,86~100㎡,0,0
2227,전남,광양시,광양시,101~135㎡,8,1
2228,전남,광양시,광양시,136~165㎡,1,0
2229,전남,광양시,광양시,166~198㎡,0,0
2230,전남,광양시,광양시,198㎡초과,0,0
2231,전남,담양군,담양군,합계,17,1
2232,전남,담양군,담양군,20㎡이하,0,0
2233,전남,담양군,담양군,21~40㎡,0,0
2234,전남,담양군,담양군,41~60㎡,2,0
2235,전남,담양군,담양군,61~85㎡,15,1
2236,전남,담양군,담양군,86~100㎡,0,0
2237,전남,담양군,담양군,101~135㎡,0,0
2238,전남,담양군,담양군,136~165㎡,0,0
2239,전남,담양군,담양군,166~198㎡,0,0
2240,전남,담양군,담양군,198㎡초과,0,0
2241,전남,곡성군,곡성군,합계,7,0
2242,전남,곡성군,곡성군,20㎡이하,0,0
2243,전남,곡성군,곡성군,21~40㎡,1,0
2244,전남,곡성군,곡성군,41~60㎡,0,0
2245,전남,곡성군,곡성군,61~85㎡,6,0
2246,전남,곡성군,곡성군,86~100㎡,0,0
2247,전남,곡성군,곡성군,101~135㎡,0,0
2248,전남,곡성군,곡성군,136~165㎡,0,0
2249,전남,곡성군,곡성군,166~198㎡,0,0
2250,전남,곡성군,곡성군,198㎡초과,0,0
2251,전남,구례군,구례군,합계,16,1
2252,전남,구례군,구례군,20㎡이하,0,0
2253,전남,구례군,구례군,21~40㎡,0,0
2254,전남,구례군,구례군,41~60㎡,3,0
2255,전남,구례군,구례군,61~85㎡,13,1
2256,전남,구례군,구례군,86~100㎡,0,0
2257,전남,구례군,구례군,101~135㎡,0,0
2258,전남,구례군,구례군,136~165㎡,0,0
2259,전남,구례군,구례군,166~198㎡,0,0
2260,전남,구례군,구례군,198㎡초과,0,0
2261,전남,고흥군,고흥군,합계,95,7
2262,전남,고흥군,고흥군,20㎡이하,0,0
2263,전남,고흥군,고흥군,21~40㎡,9,0
2264,전남,고흥군,고흥군,41~60㎡,6,0
2265,전남,고흥군,고흥군,61~85㎡,78,7
2266,전남,고흥군,고흥군,86~100㎡,1,0
2267,전남,고흥군,고흥군,101~135㎡,1,0
2268,전남,고흥군,고흥군,136~165㎡,0,0
2269,전남,고흥군,고흥군,166~198㎡,0,0
2270,전남,고흥군,고흥군,198㎡초과,0,0
2271,전남,보성군,보성군,합계,11,1
2272,전남,보성군,보성군,20㎡이하,0,0
2273,전남,보성군,보성군,21~40㎡,1,0
2274,전남,보성군,보성군,41~60㎡,2,0
2275,전남,보성군,보성군,61~85㎡,8,1
2276,전남,보성군,보성군,86~100㎡,0,0
2277,전남,보성군,보성군,101~135㎡,0,0
2278,전남,보성군,보성군,136~165㎡,0,0
2279,전남,보성군,보성군,166~198㎡,0,0
2280,전남,보성군,보성군,198㎡초과,0,0
2281,전남,화순군,화순군,합계,66,4
2282,전남,화순군,화순군,20㎡이하,0,0
2283,전남,화순군,화순군,21~40㎡,9,0
2284,전남,화순군,화순군,41~60㎡,24,1
2285,전남,화순군,화순군,61~85㎡,32,3
2286,전남,화순군,화순군,86~100㎡,0,0
2287,전남,화순군,화순군,101~135㎡,1,0
2288,전남,화순군,화순군,136~165㎡,0,0
2289,전남,화순군,화순군,166~198㎡,0,0
2290,전남,화순군,화순군,198㎡초과,0,0
2291,전남,장흥군,장흥군,합계,15,1
2292,전남,장흥군,장흥군,20㎡이하,0,0
2293,전남,장흥군,장흥군,21~40㎡,0,0
2294,전남,장흥군,장흥군,41~60㎡,7,0
2295,전남,장흥군,장흥군,61~85㎡,8,1
2296,전남,장흥군,장흥군,86~100㎡,0,0
2297,전남,장흥군,장흥군,101~135㎡,0,0
2298,전남,장흥군,장흥군,136~165㎡,0,0
2299,전남,장흥군,장흥군,166~198㎡,0,0
2300,전남,장흥군,장흥군,198㎡초과,0,0
2301,전남,강진군,강진군,합계,15,1
2302,전남,강진군,강진군,20㎡이하,0,0
2303,전남,강진군,강진군,21~40㎡,0,0
2304,전남,강진군,강진군,41~60㎡,4,0
2305,전남,강진군,강진군,61~85㎡,11,1
2306,전남,강진군,강진군,86~100㎡,0,0
2307,전남,강진군,강진군,101~135㎡,0,0
2308,전남,강진군,강진군,136~165㎡,0,0
2309,전남,강진군,강진군,166~198㎡,0,0
2310,전남,강진군,강진군,198㎡초과,0,0
2311,전남,해남군,해남군,합계,59,5
2312,전남,해남군,해남군,20㎡이하,0,0
2313,전남,해남군,해남군,21~40㎡,1,0
2314,전남,해남군,해남군,41~60㎡,17,1
2315,전남,해남군,해남군,61~85㎡,35,3
2316,전남,해남군,해남군,86~100㎡,0,0
2317,전남,해남군,해남군,101~135㎡,6,1
2318,전남,해남군,해남군,136~165㎡,0,0
2319,전남,해남군,해남군,166~198㎡,0,0
2320,전남,해남군,해남군,198㎡초과,0,0
2321,전남,영암군,영암군,합계,64,4
2322,전남,영암군,영암군,20㎡이하,0,0
2323,전남,영암군,영암군,21~40㎡,4,0
2324,전남,영암군,영암군,41~60㎡,55,3
2325,전남,영암군,영암군,61~85㎡,5,0
2326,전남,영암군,영암군,86~100㎡,0,0
2327,전남,영암군,영암군,101~135㎡,0,0
2328,전남,영암군,영암군,136~165㎡,0,0
2329,전남,영암군,영암군,166~198㎡,0,0
2330,전남,영암군,영암군,198㎡초과,0,0
2331,전남,무안군,무안군,합계,576,48
2332,전남,무안군,무안군,20㎡이하,0,0
2333,전남,무안군,무안군,21~40㎡,4,0
2334,전남,무안군,무안군,41~60㎡,54,3
2335,전남,무안군,무안군,61~85㎡,454,38
2336,전남,무안군,무안군,86~100㎡,0,0
2337,전남,무안군,무안군,101~135㎡,64,7
2338,전남,무안군,무안군,136~165㎡,0,0
2339,전남,무안군,무안군,166~198㎡,0,0
2340,전남,무안군,무안군,198㎡초과,0,0
2341,전남,함평군,함평군,합계,0,0
2342,전남,함평군,함평군,20㎡이하,0,0
2343,전남,함평군,함평군,21~40㎡,0,0
2344,전남,함평군,함평군,41~60㎡,0,0
2345,전남,함평군,함평군,61~85㎡,0,0
2346,전남,함평군,함평군,86~100㎡,0,0
2347,전남,함평군,함평군,101~135㎡,0,0
2348,전남,함평군,함평군,136~165㎡,0,0
2349,전남,함평군,함평군,166~198㎡,0,0
2350,전남,함평군,함평군,198㎡초과,0,0
2351,전남,영광군,영광군,합계,52,4
2352,전남,영광군,영광군,20㎡이하,0,0
2353,전남,영광군,영광군,21~40㎡,3,0
2354,전남,영광군,영광군,41~60㎡,12,1
2355,전남,영광군,영광군,61~85㎡,37,3
2356,전남,영광군,영광군,86~100㎡,0,0
2357,전남,영광군,영광군,101~135㎡,0,0
2358,전남,영광군,영광군,136~165㎡,0,0
2359,전남,영광군,영광군,166~198㎡,0,0
2360,전남,영광군,영광군,198㎡초과,0,0
2361,전남,장성군,장성군,합계,10,1
2362,전남,장성군,장성군,20㎡이하,0,0
2363,전남,장성군,장성군,21~40㎡,1,0
2364,전남,장성군,장성군,41~60㎡,6,0
2365,전남,장성군,장성군,61~85㎡,3,0
2366,전남,장성군,장성군,86~100㎡,0,0
2367,전남,장성군,장성군,101~135㎡,0,0
2368,전남,장성군,장성군,136~165㎡,0,0
2369,전남,장성군,장성군,166~198㎡,0,0
2370,전남,장성군,장성군,198㎡초과,0,0
2371,전남,완도군,완도군,합계,11,1
2372,전남,완도군,완도군,20㎡이하,0,0
2373,전남,완도군,완도군,21~40㎡,0,0
2374,전남,완도군,완도군,41~60㎡,5,0
2375,전남,완도군,완도군,61~85㎡,5,0
2376,전남,완도군,완도군,86~100㎡,0,0
2377,전남,완도군,완도군,101~135㎡,1,0
2378,전남,완도군,완도군,136~165㎡,0,0
2379,전남,완도군,완도군,166~198㎡,0,0
2380,전남,완도군,완도군,198㎡초과,0,0
2381,전남,진도군,진도군,합계,17,1
2382,전남,진도군,진도군,20㎡이하,0,0
2383,전남,진도군,진도군,21~40㎡,0,0
2384,전남,진도군,진도군,41~60㎡,6,0
2385,전남,진도군,진도군,61~85㎡,11,1
2386,전남,진도군,진도군,86~100㎡,0,0
2387,전남,진도군,진도군,101~135㎡,0,0
2388,전남,진도군,진도군,136~165㎡,0,0
2389,전남,진도군,진도군,166~198㎡,0,0
2390,전남,진도군,진도군,198㎡초과,0,0
2391,전남,신안군,신안군,합계,0,0
2392,전남,신안군,신안군,20㎡이하,0,0
2393,전남,신안군,신안군,21~40㎡,0,0
2394,전남,신안군,신안군,41~60㎡,0,0
2395,전남,신안군,신안군,61~85㎡,0,0
2396,전남,신안군,신안군,86~100㎡,0,0
2397,전남,신안군,신안군,101~135㎡,0,0
2398,전남,신안군,신안군,136~165㎡,0,0
2399,전남,신안군,신안군,166~198㎡,0,0
2400,전남,신안군,신안군,198㎡초과,0,0
2401,경북,경북,경북,합계,"""6,300""",485
2402,경북,경북,경북,20㎡이하,2,0
2403,경북,경북,경북,21~40㎡,282,10
2404,경북,경북,경북,41~60㎡,"""1,534""",86
2405,경북,경북,경북,61~85㎡,"""3,872""",318
2406,경북,경북,경북,86~100㎡,78,7
2407,경북,경북,경북,101~135㎡,458,52
2408,경북,경북,경북,136~165㎡,69,10
2409,경북,경북,경북,166~198㎡,2,0
2410,경북,경북,경북,198㎡초과,3,1
2411,경북,포항시,포항시,합계,"""1,271""",100
2412,경북,포항시,포항시,20㎡이하,0,0
2413,경북,포항시,포항시,21~40㎡,87,3
2414,경북,포항시,포항시,41~60㎡,291,16
2415,경북,포항시,포항시,61~85㎡,725,59
2416,경북,포항시,포항시,86~100㎡,16,2
2417,경북,포항시,포항시,101~135㎡,116,14
2418,경북,포항시,포항시,136~165㎡,33,5
2419,경북,포항시,포항시,166~198㎡,1,0
2420,경북,포항시,포항시,198㎡초과,2,0
2421,경북,포항시,남구,합계,436,35
2422,경북,포항시,남구,20㎡이하,0,0
2423,경북,포항시,남구,21~40㎡,8,0
2424,경북,포항시,남구,41~60㎡,107,6
2425,경북,포항시,남구,61~85㎡,260,21
2426,경북,포항시,남구,86~100㎡,11,1
2427,경북,포항시,남구,101~135㎡,39,5
2428,경북,포항시,남구,136~165㎡,10,1
2429,경북,포항시,남구,166~198㎡,0,0
2430,경북,포항시,남구,198㎡초과,1,0
2431,경북,포항시,북구,합계,835,65
2432,경북,포항시,북구,20㎡이하,0,0
2433,경북,포항시,북구,21~40㎡,79,3
2434,경북,포항시,북구,41~60㎡,184,10
2435,경북,포항시,북구,61~85㎡,465,38
2436,경북,포항시,북구,86~100㎡,5,0
2437,경북,포항시,북구,101~135㎡,77,9
2438,경북,포항시,북구,136~165㎡,23,3
2439,경북,포항시,북구,166~198㎡,1,0
2440,경북,포항시,북구,198㎡초과,1,0
2441,경북,경주시,경주시,합계,919,74
2442,경북,경주시,경주시,20㎡이하,0,0
2443,경북,경주시,경주시,21~40㎡,41,2
2444,경북,경주시,경주시,41~60㎡,76,4
2445,경북,경주시,경주시,61~85㎡,724,60
2446,경북,경주시,경주시,86~100㎡,1,0
2447,경북,경주시,경주시,101~135㎡,74,8
2448,경북,경주시,경주시,136~165㎡,3,0
2449,경북,경주시,경주시,166~198㎡,0,0
2450,경북,경주시,경주시,198㎡초과,0,0
2451,경북,김천시,김천시,합계,227,17
2452,경북,김천시,김천시,20㎡이하,1,0
2453,경북,김천시,김천시,21~40㎡,5,0
2454,경북,김천시,김천시,41~60㎡,72,4
2455,경북,김천시,김천시,61~85㎡,125,10
2456,경북,김천시,김천시,86~100㎡,10,1
2457,경북,김천시,김천시,101~135㎡,14,2
2458,경북,김천시,김천시,136~165㎡,0,0
2459,경북,김천시,김천시,166~198㎡,0,0
2460,경북,김천시,김천시,198㎡초과,0,0
2461,경북,안동시,안동시,합계,194,14
2462,경북,안동시,안동시,20㎡이하,0,0
2463,경북,안동시,안동시,21~40㎡,8,0
2464,경북,안동시,안동시,41~60㎡,83,5
2465,경북,안동시,안동시,61~85㎡,95,8
2466,경북,안동시,안동시,86~100㎡,1,0
2467,경북,안동시,안동시,101~135㎡,7,1
2468,경북,안동시,안동시,136~165㎡,0,0
2469,경북,안동시,안동시,166~198㎡,0,0
2470,경북,안동시,안동시,198㎡초과,0,0
2471,경북,구미시,구미시,합계,"""1,979""",150
2472,경북,구미시,구미시,20㎡이하,1,0
2473,경북,구미시,구미시,21~40㎡,78,3
2474,경북,구미시,구미시,41~60㎡,591,33
2475,경북,구미시,구미시,61~85㎡,"""1,080""",88
2476,경북,구미시,구미시,86~100㎡,34,3
2477,경북,구미시,구미시,101~135㎡,168,19
2478,경북,구미시,구미시,136~165㎡,27,4
2479,경북,구미시,구미시,166~198㎡,0,0
2480,경북,구미시,구미시,198㎡초과,0,0
2481,경북,영주시,영주시,합계,119,9
2482,경북,영주시,영주시,20㎡이하,0,0
2483,경북,영주시,영주시,21~40㎡,2,0
2484,경북,영주시,영주시,41~60㎡,44,2
2485,경북,영주시,영주시,61~85㎡,66,5
2486,경북,영주시,영주시,86~100㎡,2,0
2487,경북,영주시,영주시,101~135㎡,4,0
2488,경북,영주시,영주시,136~165㎡,1,0
2489,경북,영주시,영주시,166~198㎡,0,0
2490,경북,영주시,영주시,198㎡초과,0,0
2491,경북,영천시,영천시,합계,427,34
2492,경북,영천시,영천시,20㎡이하,0,0
2493,경북,영천시,영천시,21~40㎡,14,0
2494,경북,영천시,영천시,41~60㎡,52,3
2495,경북,영천시,영천시,61~85㎡,349,29
2496,경북,영천시,영천시,86~100㎡,1,0
2497,경북,영천시,영천시,101~135㎡,11,1
2498,경북,영천시,영천시,136~165㎡,0,0
2499,경북,영천시,영천시,166~198㎡,0,0
2500,경북,영천시,영천시,198㎡초과,0,0
2501,경북,상주시,상주시,합계,134,10
2502,경북,상주시,상주시,20㎡이하,0,0
2503,경북,상주시,상주시,21~40㎡,13,0
2504,경북,상주시,상주시,41~60㎡,30,2
2505,경북,상주시,상주시,61~85㎡,88,7
2506,경북,상주시,상주시,86~100㎡,2,0
2507,경북,상주시,상주시,101~135㎡,1,0
2508,경북,상주시,상주시,136~165㎡,0,0
2509,경북,상주시,상주시,166~198㎡,0,0
2510,경북,상주시,상주시,198㎡초과,0,0
2511,경북,문경시,문경시,합계,32,2
2512,경북,문경시,문경시,20㎡이하,0,0
2513,경북,문경시,문경시,21~40㎡,3,0
2514,경북,문경시,문경시,41~60㎡,16,1
2515,경북,문경시,문경시,61~85㎡,9,1
2516,경북,문경시,문경시,86~100㎡,0,0
2517,경북,문경시,문경시,101~135㎡,4,0
2518,경북,문경시,문경시,136~165㎡,0,0
2519,경북,문경시,문경시,166~198㎡,0,0
2520,경북,문경시,문경시,198㎡초과,0,0
2521,경북,경산시,경산시,합계,682,54
2522,경북,경산시,경산시,20㎡이하,0,0
2523,경북,경산시,경산시,21~40㎡,16,1
2524,경북,경산시,경산시,41~60㎡,145,8
2525,경북,경산시,경산시,61~85㎡,452,37
2526,경북,경산시,경산시,86~100㎡,11,1
2527,경북,경산시,경산시,101~135㎡,52,6
2528,경북,경산시,경산시,136~165㎡,5,1
2529,경북,경산시,경산시,166~198㎡,1,0
2530,경북,경산시,경산시,198㎡초과,0,0
2531,경북,(구)군위군,(구)군위군,합계,3,0
2532,경북,(구)군위군,(구)군위군,20㎡이하,0,0
2533,경북,(구)군위군,(구)군위군,21~40㎡,0,0
2534,경북,(구)군위군,(구)군위군,41~60㎡,0,0
2535,경북,(구)군위군,(구)군위군,61~85㎡,3,0
2536,경북,(구)군위군,(구)군위군,86~100㎡,0,0
2537,경북,(구)군위군,(구)군위군,101~135㎡,0,0
2538,경북,(구)군위군,(구)군위군,136~165㎡,0,0
2539,경북,(구)군위군,(구)군위군,166~198㎡,0,0
2540,경북,(구)군위군,(구)군위군,198㎡초과,0,0
2541,경북,의성군,의성군,합계,12,1
2542,경북,의성군,의성군,20㎡이하,0,0
2543,경북,의성군,의성군,21~40㎡,3,0
2544,경북,의성군,의성군,41~60㎡,5,0
2545,경북,의성군,의성군,61~85㎡,4,0
2546,경북,의성군,의성군,86~100㎡,0,0
2547,경북,의성군,의성군,101~135㎡,0,0
2548,경북,의성군,의성군,136~165㎡,0,0
2549,경북,의성군,의성군,166~198㎡,0,0
2550,경북,의성군,의성군,198㎡초과,0,0
2551,경북,청송군,청송군,합계,6,0
2552,경북,청송군,청송군,20㎡이하,0,0
2553,경북,청송군,청송군,21~40㎡,1,0
2554,경북,청송군,청송군,41~60㎡,2,0
2555,경북,청송군,청송군,61~85㎡,3,0
2556,경북,청송군,청송군,86~100㎡,0,0
2557,경북,청송군,청송군,101~135㎡,0,0
2558,경북,청송군,청송군,136~165㎡,0,0
2559,경북,청송군,청송군,166~198㎡,0,0
2560,경북,청송군,청송군,198㎡초과,0,0
2561,경북,영양군,영양군,합계,2,0
2562,경북,영양군,영양군,20㎡이하,0,0
2563,경북,영양군,영양군,21~40㎡,0,0
2564,경북,영양군,영양군,41~60㎡,1,0
2565,경북,영양군,영양군,61~85㎡,1,0
2566,경북,영양군,영양군,86~100㎡,0,0
2567,경북,영양군,영양군,101~135㎡,0,0
2568,경북,영양군,영양군,136~165㎡,0,0
2569,경북,영양군,영양군,166~198㎡,0,0
2570,경북,영양군,영양군,198㎡초과,0,0
2571,경북,영덕군,영덕군,합계,11,1
2572,경북,영덕군,영덕군,20㎡이하,0,0
2573,경북,영덕군,영덕군,21~40㎡,0,0
2574,경북,영덕군,영덕군,41~60㎡,3,0
2575,경북,영덕군,영덕군,61~85㎡,8,1
2576,경북,영덕군,영덕군,86~100㎡,0,0
2577,경북,영덕군,영덕군,101~135㎡,0,0
2578,경북,영덕군,영덕군,136~165㎡,0,0
2579,경북,영덕군,영덕군,166~198㎡,0,0
2580,경북,영덕군,영덕군,198㎡초과,0,0
2581,경북,청도군,청도군,합계,20,1
2582,경북,청도군,청도군,20㎡이하,0,0
2583,경북,청도군,청도군,21~40㎡,3,0
2584,경북,청도군,청도군,41~60㎡,10,1
2585,경북,청도군,청도군,61~85㎡,7,1
2586,경북,청도군,청도군,86~100㎡,0,0
2587,경북,청도군,청도군,101~135㎡,0,0
2588,경북,청도군,청도군,136~165㎡,0,0
2589,경북,청도군,청도군,166~198㎡,0,0
2590,경북,청도군,청도군,198㎡초과,0,0
2591,경북,고령군,고령군,합계,11,1
2592,경북,고령군,고령군,20㎡이하,0,0
2593,경북,고령군,고령군,21~40㎡,2,0
2594,경북,고령군,고령군,41~60㎡,6,0
2595,경북,고령군,고령군,61~85㎡,3,0
2596,경북,고령군,고령군,86~100㎡,0,0
2597,경북,고령군,고령군,101~135㎡,0,0
2598,경북,고령군,고령군,136~165㎡,0,0
2599,경북,고령군,고령군,166~198㎡,0,0
2600,경북,고령군,고령군,198㎡초과,0,0
2601,경북,성주군,성주군,합계,12,1
2602,경북,성주군,성주군,20㎡이하,0,0
2603,경북,성주군,성주군,21~40㎡,0,0
2604,경북,성주군,성주군,41~60㎡,3,0
2605,경북,성주군,성주군,61~85㎡,5,0
2606,경북,성주군,성주군,86~100㎡,0,0
2607,경북,성주군,성주군,101~135㎡,3,0
2608,경북,성주군,성주군,136~165㎡,0,0
2609,경북,성주군,성주군,166~198㎡,0,0
2610,경북,성주군,성주군,198㎡초과,1,0
2611,경북,칠곡군,칠곡군,합계,162,11
2612,경북,칠곡군,칠곡군,20㎡이하,0,0
2613,경북,칠곡군,칠곡군,21~40㎡,5,0
2614,경북,칠곡군,칠곡군,41~60㎡,87,5
2615,경북,칠곡군,칠곡군,61~85㎡,66,5
2616,경북,칠곡군,칠곡군,86~100㎡,0,0
2617,경북,칠곡군,칠곡군,101~135㎡,4,0
2618,경북,칠곡군,칠곡군,136~165㎡,0,0
2619,경북,칠곡군,칠곡군,166~198㎡,0,0
2620,경북,칠곡군,칠곡군,198㎡초과,0,0
2621,경북,예천군,예천군,합계,49,4
2622,경북,예천군,예천군,20㎡이하,0,0
2623,경북,예천군,예천군,21~40㎡,0,0
2624,경북,예천군,예천군,41~60㎡,2,0
2625,경북,예천군,예천군,61~85㎡,47,4
2626,경북,예천군,예천군,86~100㎡,0,0
2627,경북,예천군,예천군,101~135㎡,0,0
2628,경북,예천군,예천군,136~165㎡,0,0
2629,경북,예천군,예천군,166~198㎡,0,0
2630,경북,예천군,예천군,198㎡초과,0,0
2631,경북,봉화군,봉화군,합계,11,1
2632,경북,봉화군,봉화군,20㎡이하,0,0
2633,경북,봉화군,봉화군,21~40㎡,1,0
2634,경북,봉화군,봉화군,41~60㎡,9,0
2635,경북,봉화군,봉화군,61~85㎡,1,0
2636,경북,봉화군,봉화군,86~100㎡,0,0
2637,경북,봉화군,봉화군,101~135㎡,0,0
2638,경북,봉화군,봉화군,136~165㎡,0,0
2639,경북,봉화군,봉화군,166~198㎡,0,0
2640,경북,봉화군,봉화군,198㎡초과,0,0
2641,경북,울진군,울진군,합계,16,1
2642,경북,울진군,울진군,20㎡이하,0,0
2643,경북,울진군,울진군,21~40㎡,0,0
2644,경북,울진군,울진군,41~60㎡,5,0
2645,경북,울진군,울진군,61~85㎡,11,1
2646,경북,울진군,울진군,86~100㎡,0,0
2647,경북,울진군,울진군,101~135㎡,0,0
2648,경북,울진군,울진군,136~165㎡,0,0
2649,경북,울진군,울진군,166~198㎡,0,0
2650,경북,울진군,울진군,198㎡초과,0,0
2651,경북,울릉군,울릉군,합계,1,0
2652,경북,울릉군,울릉군,20㎡이하,0,0
2653,경북,울릉군,울릉군,21~40㎡,0,0
2654,경북,울릉군,울릉군,41~60㎡,1,0
2655,경북,울릉군,울릉군,61~85㎡,0,0
2656,경북,울릉군,울릉군,86~100㎡,0,0
2657,경북,울릉군,울릉군,101~135㎡,0,0
2658,경북,울릉군,울릉군,136~165㎡,0,0
2659,경북,울릉군,울릉군,166~198㎡,0,0
2660,경북,울릉군,울릉군,198㎡초과,0,0
2661,경남,경남,경남,합계,"""7,519""",570
2662,경남,경남,경남,20㎡이하,200,0
2663,경남,경남,경남,21~40㎡,330,12
2664,경남,경남,경남,41~60㎡,"""1,998""",110
2665,경남,경남,경남,61~85㎡,"""4,131""",340
2666,경남,경남,경남,86~100㎡,143,14
2667,경남,경남,경남,101~135㎡,612,71
2668,경남,경남,경남,136~165㎡,87,13
2669,경남,경남,경남,166~198㎡,17,3
2670,경남,경남,경남,198㎡초과,1,6
2671,경남,(구)창원시,(구)창원시,합계,,
2672,경남,(구)창원시,(구)창원시,20㎡이하,,
2673,경남,(구)창원시,(구)창원시,21~40㎡,,
2674,경남,(구)창원시,(구)창원시,41~60㎡,,
2675,경남,(구)창원시,(구)창원시,61~85㎡,,
2676,경남,(구)창원시,(구)창원시,86~100㎡,,
2677,경남,(구)창원시,(구)창원시,101~135㎡,,
2678,경남,(구)창원시,(구)창원시,136~165㎡,,
2679,경남,(구)창원시,(구)창원시,166~198㎡,,
2680,경남,(구)창원시,(구)창원시,198㎡초과,,
2681,경남,창원시,창원시,합계,"""2,920""",211
2682,경남,창원시,창원시,20㎡이하,190,0
2683,경남,창원시,창원시,21~40㎡,127,5
2684,경남,창원시,창원시,41~60㎡,824,44
2685,경남,창원시,창원시,61~85㎡,"""1,424""",118
2686,경남,창원시,창원시,86~100㎡,30,3
2687,경남,창원시,창원시,101~135㎡,247,29
2688,경남,창원시,창원시,136~165㎡,64,9
2689,경남,창원시,창원시,166~198㎡,14,2
2690,경남,창원시,창원시,198㎡초과,0,0
2691,경남,창원시,의창구,합계,974,58
2692,경남,창원시,의창구,20㎡이하,188,0
2693,경남,창원시,의창구,21~40㎡,42,2
2694,경남,창원시,의창구,41~60㎡,250,14
2695,경남,창원시,의창구,61~85㎡,453,38
2696,경남,창원시,의창구,86~100㎡,8,1
2697,경남,창원시,의창구,101~135㎡,19,2
2698,경남,창원시,의창구,136~165㎡,6,1
2699,경남,창원시,의창구,166~198㎡,8,1
2700,경남,창원시,의창구,198㎡초과,0,0
2701,경남,창원시,성산구,합계,764,53
2702,경남,창원시,성산구,20㎡이하,1,0
2703,경남,창원시,성산구,21~40㎡,62,2
2704,경남,창원시,성산구,41~60㎡,336,17
2705,경남,창원시,성산구,61~85㎡,283,23
2706,경남,창원시,성산구,86~100㎡,1,0
2707,경남,창원시,성산구,101~135㎡,60,7
2708,경남,창원시,성산구,136~165㎡,19,3
2709,경남,창원시,성산구,166~198㎡,2,0
2710,경남,창원시,성산구,198㎡초과,0,0
2711,경남,창원시,마산합포구,합계,365,33
2712,경남,창원시,마산합포구,20㎡이하,0,0
2713,경남,창원시,마산합포구,21~40㎡,3,0
2714,경남,창원시,마산합포구,41~60㎡,52,3
2715,경남,창원시,마산합포구,61~85㎡,221,18
2716,경남,창원시,마산합포구,86~100㎡,1,0
2717,경남,창원시,마산합포구,101~135㎡,60,7
2718,경남,창원시,마산합포구,136~165㎡,27,4
2719,경남,창원시,마산합포구,166~198㎡,1,0
2720,경남,창원시,마산합포구,198㎡초과,0,0
2721,경남,창원시,마산회원구,합계,528,44
2722,경남,창원시,마산회원구,20㎡이하,1,0
2723,경남,창원시,마산회원구,21~40㎡,11,0
2724,경남,창원시,마산회원구,41~60㎡,112,6
2725,경남,창원시,마산회원구,61~85㎡,291,24
2726,경남,창원시,마산회원구,86~100㎡,20,2
2727,경남,창원시,마산회원구,101~135㎡,86,10
2728,경남,창원시,마산회원구,136~165㎡,6,1
2729,경남,창원시,마산회원구,166~198㎡,1,0
2730,경남,창원시,마산회원구,198㎡초과,0,0
2731,경남,창원시,진해구,합계,289,23
2732,경남,창원시,진해구,20㎡이하,0,0
2733,경남,창원시,진해구,21~40㎡,9,0
2734,경남,창원시,진해구,41~60㎡,74,4
2735,경남,창원시,진해구,61~85㎡,176,15
2736,경남,창원시,진해구,86~100㎡,0,0
2737,경남,창원시,진해구,101~135㎡,22,3
2738,경남,창원시,진해구,136~165㎡,6,1
2739,경남,창원시,진해구,166~198㎡,2,0
2740,경남,창원시,진해구,198㎡초과,0,0
2741,경남,마산시,마산시,합계,,
2742,경남,마산시,마산시,20㎡이하,,
2743,경남,마산시,마산시,21~40㎡,,
2744,경남,마산시,마산시,41~60㎡,,
2745,경남,마산시,마산시,61~85㎡,,
2746,경남,마산시,마산시,86~100㎡,,
2747,경남,마산시,마산시,101~135㎡,,
2748,경남,마산시,마산시,136~165㎡,,
2749,경남,마산시,마산시,166~198㎡,,
2750,경남,마산시,마산시,198㎡초과,,
2751,경남,진주시,진주시,합계,969,82
2752,경남,진주시,진주시,20㎡이하,1,0
2753,경남,진주시,진주시,21~40㎡,18,1
2754,경남,진주시,진주시,41~60㎡,137,8
2755,경남,진주시,진주시,61~85㎡,606,51
2756,경남,진주시,진주시,86~100㎡,69,7
2757,경남,진주시,진주시,101~135㎡,130,15
2758,경남,진주시,진주시,136~165㎡,6,1
2759,경남,진주시,진주시,166~198㎡,2,0
2760,경남,진주시,진주시,198㎡초과,0,0
2761,경남,진해시,진해시,합계,,
2762,경남,진해시,진해시,20㎡이하,,
2763,경남,진해시,진해시,21~40㎡,,
2764,경남,진해시,진해시,41~60㎡,,
2765,경남,진해시,진해시,61~85㎡,,
2766,경남,진해시,진해시,86~100㎡,,
2767,경남,진해시,진해시,101~135㎡,,
2768,경남,진해시,진해시,136~165㎡,,
2769,경남,진해시,진해시,166~198㎡,,
2770,경남,진해시,진해시,198㎡초과,,
2771,경남,통영시,통영시,합계,156,12
2772,경남,통영시,통영시,20㎡이하,0,0
2773,경남,통영시,통영시,21~40㎡,0,0
2774,경남,통영시,통영시,41~60㎡,58,3
2775,경남,통영시,통영시,61~85㎡,89,7
2776,경남,통영시,통영시,86~100㎡,0,0
2777,경남,통영시,통영시,101~135㎡,8,1
2778,경남,통영시,통영시,136~165㎡,1,0
2779,경남,통영시,통영시,166~198㎡,0,0
2780,경남,통영시,통영시,198㎡초과,0,0
2781,경남,사천시,사천시,합계,209,14
2782,경남,사천시,사천시,20㎡이하,0,0
2783,경남,사천시,사천시,21~40㎡,21,1
2784,경남,사천시,사천시,41~60㎡,78,4
2785,경남,사천시,사천시,61~85㎡,107,9
2786,경남,사천시,사천시,86~100㎡,0,0
2787,경남,사천시,사천시,101~135㎡,3,0
2788,경남,사천시,사천시,136~165㎡,0,0
2789,경남,사천시,사천시,166~198㎡,0,0
2790,경남,사천시,사천시,198㎡초과,0,0
2791,경남,김해시,김해시,합계,"""1,160""",97
2792,경남,김해시,김해시,20㎡이하,3,0
2793,경남,김해시,김해시,21~40㎡,28,1
2794,경남,김해시,김해시,41~60㎡,303,17
2795,경남,김해시,김해시,61~85㎡,665,54
2796,경남,김해시,김해시,86~100㎡,17,2
2797,경남,김해시,김해시,101~135㎡,132,16
2798,경남,김해시,김해시,136~165㎡,11,2
2799,경남,김해시,김해시,166~198㎡,0,0
2800,경남,김해시,김해시,198㎡초과,1,6
2801,경남,밀양시,밀양시,합계,87,6
2802,경남,밀양시,밀양시,20㎡이하,0,0
2803,경남,밀양시,밀양시,21~40㎡,4,0
2804,경남,밀양시,밀양시,41~60㎡,26,1
2805,경남,밀양시,밀양시,61~85㎡,55,4
2806,경남,밀양시,밀양시,86~100㎡,0,0
2807,경남,밀양시,밀양시,101~135㎡,2,0
2808,경남,밀양시,밀양시,136~165㎡,0,0
2809,경남,밀양시,밀양시,166~198㎡,0,0
2810,경남,밀양시,밀양시,198㎡초과,0,0
2811,경남,거제시,거제시,합계,725,53
2812,경남,거제시,거제시,20㎡이하,1,0
2813,경남,거제시,거제시,21~40㎡,107,4
2814,경남,거제시,거제시,41~60㎡,129,7
2815,경남,거제시,거제시,61~85㎡,463,38
2816,경남,거제시,거제시,86~100㎡,10,1
2817,경남,거제시,거제시,101~135㎡,11,1
2818,경남,거제시,거제시,136~165㎡,3,0
2819,경남,거제시,거제시,166~198㎡,1,0
2820,경남,거제시,거제시,198㎡초과,0,0
2821,경남,양산시,양산시,합계,"""1,063""",79
2822,경남,양산시,양산시,20㎡이하,4,0
2823,경남,양산시,양산시,21~40㎡,16,1
2824,경남,양산시,양산시,41~60㎡,373,21
2825,경남,양산시,양산시,61~85㎡,584,48
2826,경남,양산시,양산시,86~100㎡,15,1
2827,경남,양산시,양산시,101~135㎡,69,8
2828,경남,양산시,양산시,136~165㎡,2,0
2829,경남,양산시,양산시,166~198㎡,0,0
2830,경남,양산시,양산시,198㎡초과,0,0
2831,경남,의령군,의령군,합계,3,0
2832,경남,의령군,의령군,20㎡이하,0,0
2833,경남,의령군,의령군,21~40㎡,0,0
2834,경남,의령군,의령군,41~60㎡,1,0
2835,경남,의령군,의령군,61~85㎡,2,0
2836,경남,의령군,의령군,86~100㎡,0,0
2837,경남,의령군,의령군,101~135㎡,0,0
2838,경남,의령군,의령군,136~165㎡,0,0
2839,경남,의령군,의령군,166~198㎡,0,0
2840,경남,의령군,의령군,198㎡초과,0,0
2841,경남,함안군,함안군,합계,54,4
2842,경남,함안군,함안군,20㎡이하,0,0
2843,경남,함안군,함안군,21~40㎡,1,0
2844,경남,함안군,함안군,41~60㎡,22,1
2845,경남,함안군,함안군,61~85㎡,25,2
2846,경남,함안군,함안군,86~100㎡,0,0
2847,경남,함안군,함안군,101~135㎡,6,1
2848,경남,함안군,함안군,136~165㎡,0,0
2849,경남,함안군,함안군,166~198㎡,0,0
2850,경남,함안군,함안군,198㎡초과,0,0
2851,경남,창녕군,창녕군,합계,26,2
2852,경남,창녕군,창녕군,20㎡이하,1,0
2853,경남,창녕군,창녕군,21~40㎡,0,0
2854,경남,창녕군,창녕군,41~60㎡,10,1
2855,경남,창녕군,창녕군,61~85㎡,13,1
2856,경남,창녕군,창녕군,86~100㎡,2,0
2857,경남,창녕군,창녕군,101~135㎡,0,0
2858,경남,창녕군,창녕군,136~165㎡,0,0
2859,경남,창녕군,창녕군,166~198㎡,0,0
2860,경남,창녕군,창녕군,198㎡초과,0,0
2861,경남,고성군,고성군,합계,31,2
2862,경남,고성군,고성군,20㎡이하,0,0
2863,경남,고성군,고성군,21~40㎡,0,0
2864,경남,고성군,고성군,41~60㎡,8,0
2865,경남,고성군,고성군,61~85㎡,23,2
2866,경남,고성군,고성군,86~100㎡,0,0
2867,경남,고성군,고성군,101~135㎡,0,0
2868,경남,고성군,고성군,136~165㎡,0,0
2869,경남,고성군,고성군,166~198㎡,0,0
2870,경남,고성군,고성군,198㎡초과,0,0
2871,경남,남해군,남해군,합계,13,1
2872,경남,남해군,남해군,20㎡이하,0,0
2873,경남,남해군,남해군,21~40㎡,0,0
2874,경남,남해군,남해군,41~60㎡,4,0
2875,경남,남해군,남해군,61~85㎡,9,1
2876,경남,남해군,남해군,86~100㎡,0,0
2877,경남,남해군,남해군,101~135㎡,0,0
2878,경남,남해군,남해군,136~165㎡,0,0
2879,경남,남해군,남해군,166~198㎡,0,0
2880,경남,남해군,남해군,198㎡초과,0,0
2881,경남,하동군,하동군,합계,26,2
2882,경남,하동군,하동군,20㎡이하,0,0
2883,경남,하동군,하동군,21~40㎡,1,0
2884,경남,하동군,하동군,41~60㎡,1,0
2885,경남,하동군,하동군,61~85㎡,24,2
2886,경남,하동군,하동군,86~100㎡,0,0
2887,경남,하동군,하동군,101~135㎡,0,0
2888,경남,하동군,하동군,136~165㎡,0,0
2889,경남,하동군,하동군,166~198㎡,0,0
2890,경남,하동군,하동군,198㎡초과,0,0
2891,경남,산청군,산청군,합계,6,0
2892,경남,산청군,산청군,20㎡이하,0,0
2893,경남,산청군,산청군,21~40㎡,0,0
2894,경남,산청군,산청군,41~60㎡,4,0
2895,경남,산청군,산청군,61~85㎡,2,0
2896,경남,산청군,산청군,86~100㎡,0,0
2897,경남,산청군,산청군,101~135㎡,0,0
2898,경남,산청군,산청군,136~165㎡,0,0
2899,경남,산청군,산청군,166~198㎡,0,0
2900,경남,산청군,산청군,198㎡초과,0,0
2901,경남,함양군,함양군,합계,10,1
2902,경남,함양군,함양군,20㎡이하,0,0
2903,경남,함양군,함양군,21~40㎡,1,0
2904,경남,함양군,함양군,41~60㎡,3,0
2905,경남,함양군,함양군,61~85㎡,6,0
2906,경남,함양군,함양군,86~100㎡,0,0
2907,경남,함양군,함양군,101~135㎡,0,0
2908,경남,함양군,함양군,136~165㎡,0,0
2909,경남,함양군,함양군,166~198㎡,0,0
2910,경남,함양군,함양군,198㎡초과,0,0
2911,경남,거창군,거창군,합계,45,3
2912,경남,거창군,거창군,20㎡이하,0,0
2913,경남,거창군,거창군,21~40㎡,6,0
2914,경남,거창군,거창군,41~60㎡,10,1
2915,경남,거창군,거창군,61~85㎡,26,2
2916,경남,거창군,거창군,86~100㎡,0,0
2917,경남,거창군,거창군,101~135㎡,3,0
2918,경남,거창군,거창군,136~165㎡,0,0
2919,경남,거창군,거창군,166~198㎡,0,0
2920,경남,거창군,거창군,198㎡초과,0,0
2921,경남,합천군,합천군,합계,16,1
2922,경남,합천군,합천군,20㎡이하,0,0
2923,경남,합천군,합천군,21~40㎡,0,0
2924,경남,합천군,합천군,41~60㎡,7,0
2925,경남,합천군,합천군,61~85㎡,8,1
2926,경남,합천군,합천군,86~100㎡,0,0
2927,경남,합천군,합천군,101~135㎡,1,0
2928,경남,합천군,합천군,136~165㎡,0,0
2929,경남,합천군,합천군,166~198㎡,0,0
2930,경남,합천군,합천군,198㎡초과,0,0
2931,(구)제주,(구)제주,(구)제주,합계,,
2932,(구)제주,(구)제주,(구)제주,20㎡이하,,
2933,(구)제주,(구)제주,(구)제주,21~40㎡,,
2934,(구)제주,(구)제주,(구)제주,41~60㎡,,
2935,(구)제주,(구)제주,(구)제주,61~85㎡,,
2936,(구)제주,(구)제주,(구)제주,86~100㎡,,
2937,(구)제주,(구)제주,(구)제주,101~135㎡,,
2938,(구)제주,(구)제주,(구)제주,136~165㎡,,
2939,(구)제주,(구)제주,(구)제주,166~198㎡,,
2940,(구)제주,(구)제주,(구)제주,198㎡초과,,
2941,(구)제주,(구)제주시,(구)제주시,합계,,
2942,(구)제주,(구)제주시,(구)제주시,20㎡이하,,
2943,(구)제주,(구)제주시,(구)제주시,21~40㎡,,
2944,(구)제주,(구)제주시,(구)제주시,41~60㎡,,
2945,(구)제주,(구)제주시,(구)제주시,61~85㎡,,
2946,(구)제주,(구)제주시,(구)제주시,86~100㎡,,
2947,(구)제주,(구)제주시,(구)제주시,101~135㎡,,
2948,(구)제주,(구)제주시,(구)제주시,136~165㎡,,
2949,(구)제주,(구)제주시,(구)제주시,166~198㎡,,
2950,(구)제주,(구)제주시,(구)제주시,198㎡초과,,
2951,(구)제주,(구)서귀포시,(구)서귀포시,합계,,
2952,(구)제주,(구)서귀포시,(구)서귀포시,20㎡이하,,
2953,(구)제주,(구)서귀포시,(구)서귀포시,21~40㎡,,
2954,(구)제주,(구)서귀포시,(구)서귀포시,41~60㎡,,
2955,(구)제주,(구)서귀포시,(구)서귀포시,61~85㎡,,
2956,(구)제주,(구)서귀포시,(구)서귀포시,86~100㎡,,
2957,(구)제주,(구)서귀포시,(구)서귀포시,101~135㎡,,
2958,(구)제주,(구)서귀포시,(구)서귀포시,136~165㎡,,
2959,(구)제주,(구)서귀포시,(구)서귀포시,166~198㎡,,
2960,(구)제주,(구)서귀포시,(구)서귀포시,198㎡초과,,
2961,(구)제주,(구)북제주군,(구)북제주군,합계,,
2962,(구)제주,(구)북제주군,(구)북제주군,20㎡이하,,
2963,(구)제주,(구)북제주군,(구)북제주군,21~40㎡,,
2964,(구)제주,(구)북제주군,(구)북제주군,41~60㎡,,
2965,(구)제주,(구)북제주군,(구)북제주군,61~85㎡,,
2966,(구)제주,(구)북제주군,(구)북제주군,86~100㎡,,
2967,(구)제주,(구)북제주군,(구)북제주군,101~135㎡,,
2968,(구)제주,(구)북제주군,(구)북제주군,136~165㎡,,
2969,(구)제주,(구)북제주군,(구)북제주군,166~198㎡,,
2970,(구)제주,(구)북제주군,(구)북제주군,198㎡초과,,
2971,(구)제주,(구)남제주군,(구)남제주군,합계,,
2972,(구)제주,(구)남제주군,(구)남제주군,20㎡이하,,
2973,(구)제주,(구)남제주군,(구)남제주군,21~40㎡,,
2974,(구)제주,(구)남제주군,(구)남제주군,41~60㎡,,
2975,(구)제주,(구)남제주군,(구)남제주군,61~85㎡,,
2976,(구)제주,(구)남제주군,(구)남제주군,86~100㎡,,
2977,(구)제주,(구)남제주군,(구)남제주군,101~135㎡,,
2978,(구)제주,(구)남제주군,(구)남제주군,136~165㎡,,
2979,(구)제주,(구)남제주군,(구)남제주군,166~198㎡,,
2980,(구)제주,(구)남제주군,(구)남제주군,198㎡초과,,
2981,제주,제주,제주,합계,391,23
2982,제주,제주,제주,20㎡이하,9,0
2983,제주,제주,제주,21~40㎡,126,3
2984,제주,제주,제주,41~60㎡,85,4
2985,제주,제주,제주,61~85㎡,149,12
2986,제주,제주,제주,86~100㎡,3,0
2987,제주,제주,제주,101~135㎡,14,2
2988,제주,제주,제주,136~165㎡,3,0
2989,제주,제주,제주,166~198㎡,2,0
2990,제주,제주,제주,198㎡초과,0,0
2991,제주,제주시,제주시,합계,234,16
2992,제주,제주시,제주시,20㎡이하,3,0
2993,제주,제주시,제주시,21~40㎡,42,1
2994,제주,제주시,제주시,41~60㎡,55,3
2995,제주,제주시,제주시,61~85㎡,116,10
2996,제주,제주시,제주시,86~100㎡,2,0
2997,제주,제주시,제주시,101~135㎡,11,1
2998,제주,제주시,제주시,136~165㎡,3,0
2999,제주,제주시,제주시,166~198㎡,2,0
3000,제주,제주시,제주시,198㎡초과,0,0
3001,제주,서귀포시,서귀포시,합계,157,7
3002,제주,서귀포시,서귀포시,20㎡이하,6,0
3003,제주,서귀포시,서귀포시,21~40㎡,84,2
3004,제주,서귀포시,서귀포시,41~60㎡,30,2
3005,제주,서귀포시,서귀포시,61~85㎡,33,3
3006,제주,서귀포시,서귀포시,86~100㎡,1,0
3007,제주,서귀포시,서귀포시,101~135㎡,3,0
3008,제주,서귀포시,서귀포시,136~165㎡,0,0
3009,제주,서귀포시,서귀포시,166~198㎡,0,0
3010,제주,서귀포시,서귀포시,198㎡초과,0,0
